name,has_main_facilities,has_security_features,has_parking_safety,has_building_facilities,has_other_features,HighFloor,MidFloor,has_modern,has_facilities,has_green_view,has_water_feature,Bedroom_1,Bedroom_2,Bedroom_3,Bedroom_above 3,Bathroom_1,Bathroom_2,Bathroom_above 2,city_Mansoura,city_New Administrative Capital,city_New Cairo,city_North Coast,city_Old Cairo,propertyCategory_Commercial,propertySubType_Attached Houses,propertySubType_Office,propertySubType_Others(very rare),propertySubType_Retail,log(sqm),log(price),log(price/sqm),Is log(price/sqm) outlier,Is log(sqm) outlier,Is log(price) outlier
Alamain (Latin District),1,1,0,0,1,0,1,1,1,0,0,1,0,0,0,0,0,0,0,0,0,1,0,0,0,0,0,0,4.531092982591776,15.701670702613814,11.17057772050854,False,False,False
Beachfront Tower - B1,0,0,0,0,1,1,0,0,1,1,1,0,0,1,0,0,0,1,0,0,0,0,0,0,0,0,0,0,5.986452005284438,18.006739817363158,12.020287812311686,False,False,True
PODIA,0,1,1,0,1,1,0,0,0,1,0,0,0,0,0,0,0,0,0,0,0,0,0,1,0,1,0,0,4.532599493153256,16.366828973271527,11.834229479985709,False,False,False
Mazarine Apartment,1,1,0,0,0,0,1,0,1,1,1,0,0,1,0,0,0,1,0,0,0,0,0,0,0,0,0,0,5.529429087511423,16.369398968066385,10.83996988114608,False,False,False
Alamain (Latin District),1,1,0,0,1,0,0,0,0,1,1,0,0,1,0,0,0,0,0,0,0,1,0,0,0,0,0,0,5.344341804859316,15.981244468209123,10.636902662150405,False,False,False
Latin City,0,1,0,0,1,0,0,0,0,0,1,0,1,0,0,0,0,0,0,0,0,1,0,0,0,0,0,0,4.934473933130692,15.715825433746677,10.781351500331892,False,False,False
Downtown commercial,1,1,0,0,1,0,0,0,0,0,0,0,0,0,0,0,0,0,0,0,0,0,0,1,0,0,0,1,5.605802066295998,17.30276330422625,11.696961238321736,False,False,False
Beachfront Tower - B1,0,0,0,0,1,1,0,0,1,1,1,0,0,0,0,0,0,0,0,0,0,0,0,0,0,0,0,0,5.3981627015177525,17.165660229115776,11.767497527394566,False,False,False
Downtown commercial,1,1,0,0,1,0,0,0,0,0,0,0,0,0,0,0,0,0,0,0,0,0,0,1,0,0,0,1,5.765191102784844,17.410848267669845,11.645657165175988,False,False,False
Downtown Extension,1,1,0,1,1,0,1,0,0,0,0,0,1,0,0,0,0,1,0,0,0,1,0,0,0,0,0,0,5.153291594497779,15.93992546528684,10.786633870860763,False,False,False
Alamain (Latin District),1,1,0,0,1,0,1,1,1,0,0,1,0,0,0,0,0,0,0,0,0,1,0,0,0,0,0,0,4.531092982591776,15.231606410320955,10.7005134276491,False,False,False
Zahya,1,1,0,1,0,0,0,0,1,0,0,0,0,1,0,0,0,0,1,0,0,0,0,0,1,0,0,0,5.886104031450156,16.19847676290513,10.312372732193188,False,False,False
Beachfront Tower - B1,0,0,0,0,1,1,0,0,1,1,1,0,0,1,0,0,0,1,0,0,0,0,0,0,0,0,0,0,5.986452005284438,18.014245165089754,12.02779315955007,False,False,True
Mazarine Apartment,1,1,0,0,0,0,1,0,1,1,1,0,0,1,0,0,0,1,0,0,0,0,0,0,0,0,0,0,5.529429087511423,16.68403426477722,11.154605176766111,False,False,False
Jade Park,1,0,1,1,0,0,1,0,1,0,0,0,0,1,0,0,1,0,0,1,0,0,0,0,0,0,0,0,5.627621113690637,16.112278765636756,10.484657651161568,False,False,False
AlMaqsad Park,1,1,0,0,1,0,1,0,0,1,0,0,1,0,0,0,0,0,0,1,0,0,0,0,0,0,0,0,5.062595033026967,15.394695427227354,10.332100392716155,False,False,False
Downtown Extension,1,1,0,1,0,0,0,0,0,0,0,0,0,1,0,0,0,1,0,0,0,0,0,0,0,0,0,0,5.652489180268651,16.056113858602437,10.403624679291337,False,False,False
Central,1,1,0,1,0,0,1,0,1,0,0,0,0,0,0,0,0,0,0,0,1,0,0,1,0,1,0,0,5.201090350786933,17.35141364247872,12.150323291851462,True,False,False
Alamain (Latin District),1,1,0,0,1,0,1,0,0,1,1,0,0,0,1,0,0,0,0,0,0,1,0,0,0,0,0,0,5.489061685415569,15.972838638301182,10.483776952496042,False,False,False
Mazarine Apartment,1,1,0,0,0,0,0,0,1,1,1,0,0,1,0,0,0,1,0,0,0,0,0,0,0,0,0,0,5.529429087511423,16.57266833317351,11.043239246144475,False,False,False
Beachfront Tower - B1,0,0,0,0,1,1,0,0,1,1,1,0,1,0,0,0,0,1,0,0,0,0,0,0,0,0,0,0,5.37989735354046,17.356991485073486,11.97709413138238,False,False,False
Mazarine Apartment,1,1,0,1,1,0,1,0,1,1,1,0,0,1,0,0,0,1,0,0,0,0,0,0,0,0,0,0,5.552959584921617,16.47247796883717,10.919518383073624,False,False,False
Al Fustat,1,1,0,1,0,0,1,1,1,0,1,0,0,0,0,0,0,0,0,0,0,0,1,0,0,0,0,0,5.072983919160791,15.274823011820736,10.20183909447612,False,False,False
Central,1,1,0,1,0,0,0,0,1,0,0,0,0,0,0,0,0,0,0,0,1,0,0,1,0,1,0,0,5.173434184401347,17.400028996753466,12.226594812425049,True,False,False
PODIA,0,1,1,0,1,0,0,0,0,1,0,0,0,0,0,0,0,0,0,0,0,0,0,1,0,0,0,1,4.166665223801727,16.52396067908781,12.357295455326067,True,False,False
Alamain (Latin District),1,1,0,0,1,0,0,0,0,1,1,0,0,0,1,0,0,0,0,0,0,1,0,0,0,0,0,0,5.51124895278583,15.590801834485022,10.079552879874726,False,False,False
Mazarine Apartment,1,1,0,0,0,0,0,0,1,1,1,0,0,1,0,0,0,1,0,0,0,0,0,0,0,0,0,0,5.529429087511423,16.51438546113103,10.984956373108272,False,False,False
AlMaqsad Park,1,1,0,0,1,0,1,0,0,1,0,0,0,1,0,0,0,0,0,1,0,0,0,0,0,0,0,0,4.897839799950911,15.305714382474676,10.40787458297442,False,False,False
Central,1,1,0,1,0,0,1,0,1,0,0,0,0,0,0,0,0,0,0,0,1,0,0,1,0,1,0,0,5.153118169055832,17.412850215437697,12.25973204617924,True,False,False
Zahya,1,1,0,1,0,0,0,0,1,0,0,0,0,1,0,0,0,0,1,0,0,0,0,0,1,0,0,0,5.859360706474645,16.171067535724426,10.311706827775009,False,False,False
Zahya,1,1,0,1,0,0,0,0,1,0,0,0,0,1,0,0,1,0,1,0,0,0,0,0,1,0,0,0,5.8805329864007,16.270816737975984,10.390283750304896,False,False,False
Central,1,1,0,1,0,0,1,0,1,0,0,0,0,0,0,0,0,0,0,0,1,0,0,1,0,1,0,0,5.35606727208894,17.587466574495302,12.231399302437811,True,False,True
Mazarine Apartment,1,1,0,0,0,0,1,0,1,1,1,0,0,1,0,0,0,1,0,0,0,0,0,0,0,0,0,0,5.529429087511423,16.4501294809806,10.920700393296986,False,False,False
Al Fustat,1,1,0,1,0,0,1,1,1,0,1,0,0,0,0,0,0,0,0,0,0,0,1,0,0,0,0,0,5.071855816759881,15.23475601922385,10.162900203737312,False,False,False
Mazarine Apartment,1,1,0,1,1,1,0,0,1,1,1,0,0,1,0,0,0,1,0,0,0,1,0,0,0,0,0,0,5.584623492819887,16.668930138743544,11.084306645530509,False,False,False
New Garden City,1,1,0,0,0,0,1,0,0,1,0,0,1,0,0,0,0,0,0,1,0,0,0,0,0,0,0,0,5.209486152841421,15.87729716440539,10.667811012212823,False,False,False
Downtown Extension,1,1,0,1,1,0,1,0,0,0,0,0,1,0,0,0,0,1,0,0,0,1,0,0,0,0,0,0,5.093750200806762,15.853609136109728,10.75985893445617,False,False,False
Central,1,1,0,1,0,0,1,0,1,0,0,0,0,0,0,0,0,0,0,0,1,0,0,1,0,1,0,0,5.201090350786933,17.392592154456377,12.191501803527032,True,False,False
Latin City,0,1,0,0,1,0,1,0,0,0,1,0,1,0,0,1,0,0,0,0,0,1,0,0,0,0,0,0,4.897839799950911,15.688081669928742,10.79024186957814,False,False,False
Alamain (Latin District),1,1,0,0,1,0,0,0,0,1,1,0,0,0,1,0,0,0,0,0,0,1,0,0,0,0,0,0,5.439556478240761,15.566968730418804,10.1274122506757,False,False,False
Alamain (Latin District),1,1,0,0,1,0,0,0,0,1,1,0,0,0,1,0,0,0,0,0,0,1,0,0,0,0,0,0,5.443499376392535,15.965294060700357,10.521794684963188,False,False,False
Latin City,0,1,0,0,1,0,1,0,0,0,1,0,0,1,0,1,0,0,0,0,0,1,0,0,0,0,0,0,5.087596335232384,15.762848259010774,10.675251922893938,False,False,False
Latin City,1,1,0,1,1,1,0,0,0,0,1,0,0,0,1,0,0,0,0,0,0,1,0,0,0,0,0,0,5.476463551931511,15.869249602291736,10.392786051514516,False,False,False
Mazarine Apartment,1,1,0,0,0,0,0,0,1,1,1,0,0,1,0,0,0,1,0,0,0,0,0,0,0,0,0,0,5.529429087511423,16.532586570273796,11.003157483370195,False,False,False
Mazarine Apartment,1,1,0,1,1,0,1,0,1,1,1,0,0,1,0,0,0,1,0,0,0,0,0,0,0,0,0,0,5.525452939131784,16.439454249769483,10.91400130984002,False,False,False
Downtown Extension,1,1,0,1,0,0,0,0,0,0,0,1,0,0,0,0,1,0,0,0,0,0,0,0,0,0,0,0,5.198497031265826,15.64263717102962,10.444140138702018,False,False,False
Central,1,1,0,1,0,0,0,0,1,0,0,0,0,0,0,0,0,0,0,0,1,0,0,1,0,1,0,0,4.925004781456281,17.256120941983266,12.331116160446678,True,False,False
Latin City,0,1,0,1,1,0,0,0,0,0,1,0,0,0,1,0,0,0,0,0,0,1,0,0,0,0,0,0,5.5093883366279774,15.902175944733427,10.392787608676311,False,False,False
Alamain (Latin District),1,1,0,0,1,0,1,1,1,0,0,0,0,0,1,0,0,0,0,0,0,1,0,0,0,0,0,0,5.440467758652715,15.822918896744278,10.382451136854998,False,False,False
New Garden City,1,1,0,0,0,0,1,0,0,1,0,0,1,0,0,0,0,0,0,1,0,0,0,0,0,0,0,0,5.123963979403259,15.81292826416552,10.688964284328067,False,False,False
New Garden City,1,1,0,0,1,0,0,0,0,1,0,0,0,0,0,0,0,0,0,1,0,0,0,1,0,0,0,1,5.1647859739235145,16.863218393108607,11.698432418829086,False,False,False
Alamain (Latin District),1,1,0,0,1,0,1,0,0,1,1,0,0,0,1,0,0,0,0,0,0,1,0,0,0,0,0,0,5.4752075333447845,15.564536484605428,10.08932895323838,False,False,False
Alamain (Latin District),1,1,0,0,1,0,1,0,0,1,1,0,1,0,0,0,0,0,0,0,0,1,0,0,0,0,0,0,4.886733577431695,15.48566720543308,10.598933628609704,False,False,False
Alamain (Latin District),1,1,0,0,1,0,1,0,0,1,1,0,0,1,0,0,0,0,0,0,0,1,0,0,0,0,0,0,5.23500476033627,15.324464931820051,10.089460169424516,False,False,False
Zahya,1,1,0,1,0,0,0,0,1,0,0,0,0,1,0,0,0,0,1,0,0,0,0,0,0,0,1,0,6.792344427470809,16.90764332580458,10.115298900290728,False,True,False
Latin City,1,1,0,1,1,0,0,0,0,0,1,0,0,1,0,0,0,0,0,0,0,1,0,0,0,0,0,0,5.198497031265826,15.659387981454437,10.460890949223574,False,False,False
Latin City,0,1,0,0,1,0,1,0,0,0,1,0,0,1,0,1,0,0,0,0,0,1,0,0,0,0,0,0,5.327876168789581,16.233832149440918,10.905955980651337,False,False,False
Mazarine Apartment,1,1,0,0,0,0,1,0,1,1,1,0,0,1,0,0,0,1,0,0,0,0,0,0,0,0,0,0,5.529429087511423,16.379228388176564,10.849799300203031,False,False,False
Central,1,1,0,1,0,0,0,0,1,0,0,0,0,0,0,0,0,0,0,0,1,0,0,1,0,1,0,0,5.173434184401347,17.467492597974392,12.294058413563292,True,False,True
Mazarine Apartment,1,1,0,1,1,0,1,0,1,1,1,0,0,1,0,0,0,1,0,0,0,1,0,0,0,0,0,0,5.436033739911871,16.662800826157987,11.226767085774744,False,False,False
Latin City,0,1,0,0,1,0,1,0,0,0,1,0,1,0,0,1,0,0,0,0,0,1,0,0,0,0,0,0,4.897839799950911,15.688081669928742,10.79024186957814,False,False,False
Alamain (Latin District),1,1,0,0,1,0,1,1,1,0,0,0,0,1,0,0,0,0,0,0,0,1,0,0,0,0,0,0,5.319589501823576,15.654789543160303,10.3352000411921,False,False,False
Alamain (Latin District),1,1,0,0,1,0,1,0,0,1,1,0,0,1,0,0,0,0,0,0,0,1,0,0,0,0,0,0,5.352189832012527,15.83599795680044,10.483808123727847,False,False,False
Jade Park,1,0,1,1,0,0,0,0,1,0,0,0,0,0,1,0,1,0,0,1,0,0,0,0,0,0,0,0,5.41164605185504,15.916101858366844,10.504455807295065,False,False,False
New Garden City,1,1,1,0,0,0,1,0,0,1,0,0,1,0,0,0,0,0,0,1,0,0,0,0,0,0,0,0,5.111987788356544,15.811706351040844,10.69971856282015,False,False,False
Downtown commercial,1,1,0,0,1,0,0,0,0,0,0,0,0,0,0,0,0,0,0,0,0,0,0,1,0,0,0,1,5.153291594497779,16.56999895317227,11.416707358725404,False,False,False
Zahya,1,1,0,1,0,0,0,0,1,0,0,0,0,1,0,0,0,0,1,0,0,0,0,0,1,0,0,0,6.016157159698354,16.199767799602345,10.183610641470668,False,False,False
Mamsha Avenue,1,1,0,0,1,0,0,0,1,1,0,0,0,1,0,0,0,0,0,1,0,0,0,0,0,0,0,0,5.14166355650266,15.60510100990749,10.463437453221095,False,False,False
Al Fustat,1,1,0,1,0,0,1,1,1,0,1,0,0,0,0,0,0,0,0,0,0,0,1,0,0,0,0,0,5.018603463745433,15.176487111099874,10.157883647600595,False,False,False
Central,1,1,0,1,0,0,1,0,1,0,0,0,0,0,0,0,0,0,0,0,1,0,0,1,0,1,0,0,5.189060380611087,17.37862835671805,12.189567976217244,True,False,False
Zahya,1,1,0,1,0,0,0,0,1,0,0,0,0,1,0,0,1,0,1,0,0,0,0,0,1,0,0,0,5.765191102784844,16.242434925213928,10.477243822376098,False,False,False
Central,1,1,0,1,0,0,0,0,1,0,0,0,0,0,0,0,0,0,0,0,1,0,0,1,0,1,0,0,5.409232427119192,17.464661169849215,12.05542874268346,False,False,True
Latin City,1,1,0,0,1,0,0,1,1,0,0,0,0,1,0,0,0,0,0,0,0,1,0,0,0,0,0,0,5.262690188904886,15.829746689518837,10.567056500840769,False,False,False
Latin City,0,1,0,1,1,0,0,0,0,0,1,0,0,1,0,0,0,0,0,0,0,1,0,0,0,0,0,0,5.318119993844216,16.21730730102927,10.89918730642439,False,False,False
Central,1,1,0,1,0,0,1,0,1,0,0,0,0,0,0,0,0,0,0,0,1,0,0,1,0,1,0,0,5.036887665240322,17.286171811286493,12.249284145945948,True,False,False
Mazarine Apartment,1,1,0,0,0,0,1,0,1,1,1,0,0,1,0,0,0,1,0,0,0,0,0,0,0,0,0,0,5.529429087511423,16.376992371978346,10.847563285269702,False,False,False
Beachfront Tower - B1,0,0,0,0,1,0,1,0,1,1,1,0,0,1,0,0,0,1,0,0,0,0,0,0,0,0,0,0,5.986452005284438,17.793433657169125,11.806981651525176,False,False,True
Alamain (Latin District),1,1,0,0,1,0,1,1,1,0,0,1,0,0,0,0,0,0,0,0,0,1,0,0,0,0,0,0,4.693821883582654,15.128696447263527,10.434874562726597,False,False,False
Latin City,1,1,0,0,1,0,0,1,1,0,0,0,0,1,0,0,0,0,0,0,0,1,0,0,0,0,0,0,5.332718793265369,16.03645166191781,10.703732867968847,False,False,False
Alamain (Latin District),1,1,0,0,1,1,0,0,0,1,1,0,0,1,0,0,0,0,0,0,0,1,0,0,0,0,0,0,5.34084989726674,15.814961473947616,10.474111575478847,False,False,False
Latin City,0,1,0,0,1,0,0,0,0,0,1,0,0,0,1,0,0,0,0,0,0,1,0,0,0,0,0,0,5.459585514144159,16.318666341420137,10.85908082690776,False,False,False
Latin City,1,1,0,0,1,0,0,1,1,0,0,0,0,1,0,0,0,0,0,0,0,1,0,0,0,0,0,0,5.262690188904886,15.804206486337366,10.541516297966288,False,False,False
Alamain (Latin District),1,1,0,0,1,0,1,1,1,0,0,1,0,0,0,0,0,0,0,0,0,1,0,0,0,0,0,0,4.531092982591776,15.634236475422144,11.103143492596754,False,False,False
Latin City,1,1,0,0,1,0,0,1,1,0,0,0,0,1,0,0,0,0,0,0,0,1,0,0,0,0,0,0,5.332718793265369,15.728602312359854,10.395883519670216,False,False,False
Alamain (Latin District),1,1,0,0,1,0,0,1,1,0,0,0,0,1,0,0,0,0,0,0,0,1,0,0,0,0,0,0,5.277246935928745,15.650489146312308,10.373242210166003,False,False,False
Latin City,0,1,0,1,1,0,0,0,0,0,1,0,0,0,1,0,0,0,0,0,0,1,0,0,0,0,0,0,5.44673737166631,16.305819257041268,10.859081884512962,False,False,False
Jade Park,1,0,1,1,0,0,1,0,1,0,0,0,0,1,0,0,1,0,0,1,0,0,0,0,0,0,0,0,5.424950017481403,15.90959437638098,10.484644357852522,False,False,False
Alamain (Latin District),1,1,0,0,1,0,0,1,1,0,0,0,1,0,0,0,0,0,0,0,0,1,0,0,0,0,0,0,4.8201202622737735,14.78287456002243,9.962754297560895,False,False,False
Mazarine Apartment,0,1,0,1,1,1,0,0,1,1,1,0,0,1,0,0,0,1,0,0,0,1,0,0,0,0,0,0,5.533073233190413,17.078288429119603,11.545215195993965,False,False,False
BEGONIA,0,1,0,0,1,0,1,1,0,1,0,0,0,1,0,0,0,1,0,0,1,0,0,0,0,0,0,0,5.017279836814924,15.986847364348366,10.969567527556247,False,False,False
Zahya,1,1,0,1,0,0,0,0,1,0,0,0,0,0,1,1,0,0,1,0,0,0,0,0,1,0,0,0,5.860216260498028,16.1811643424253,10.320948080395024,False,False,False
Latin City,0,1,0,0,1,0,1,0,0,0,1,0,0,1,0,0,0,0,0,0,0,1,0,0,0,0,0,0,5.298317366548036,16.17608150015697,10.877764133608936,False,False,False
Jade Park,1,0,1,1,0,0,1,0,1,0,0,0,0,0,1,0,1,0,0,1,0,0,0,0,0,0,0,0,5.793013608384144,16.27748970310857,10.48447609581583,False,False,False
Zahya,1,1,0,1,0,0,0,0,1,0,0,0,0,1,0,0,0,0,1,0,0,0,0,0,1,0,0,0,5.703782474656201,16.096565532407958,10.392783056729993,False,False,False
Beachfront Tower - B1,0,0,0,0,1,0,1,0,1,1,1,0,0,1,0,0,0,1,0,0,0,0,0,0,0,0,0,0,5.986452005284438,17.999177713146427,12.01272570798393,False,False,True
Alamain (Latin District),1,1,0,0,1,0,0,0,0,1,1,0,0,0,1,0,0,0,0,0,0,1,0,0,0,0,0,0,5.477383630621318,15.56679519462661,10.089411562696023,False,False,False
Latin City,0,1,0,1,1,0,1,0,0,0,1,0,0,1,0,0,0,0,0,0,0,1,0,0,0,0,0,0,5.402677381872279,15.952041066628237,10.54936368598382,False,False,False
Central,1,1,0,1,0,0,0,0,1,0,0,0,0,0,0,0,0,0,0,0,1,0,0,1,0,1,0,0,5.377682921928777,17.527544857544697,12.149861935712169,True,False,True
Alamain (Latin District),1,1,0,0,1,0,0,0,0,1,1,0,0,0,1,0,0,0,0,0,0,1,0,0,0,0,0,0,5.464763574183701,15.837852507603538,10.373088932140323,False,False,False
Mazarine Apartment,1,1,0,1,1,0,1,0,1,1,1,0,0,1,0,0,0,1,0,0,0,1,0,0,0,0,0,0,5.584623492819887,16.66401811176174,11.079394618310989,False,False,False
PODIA,0,1,1,0,1,0,0,0,0,1,0,0,0,0,0,0,0,0,0,0,0,0,0,1,0,0,0,1,3.881563797943437,16.479190811330543,12.597627013376652,True,True,False
Alamain (Latin District),1,1,0,0,1,0,1,1,1,0,0,1,0,0,0,0,0,0,0,0,0,1,0,0,0,0,0,0,4.266475481513779,15.219153557418778,10.9526780751163,False,False,False
Latin City,0,1,0,1,1,0,0,0,0,0,1,0,0,1,0,0,0,0,0,0,0,1,0,0,0,0,0,0,5.332718793265369,16.24384685626388,10.911128063077877,False,False,False
Latin City,0,1,0,1,1,0,0,0,0,0,1,0,1,0,0,0,0,0,0,0,0,1,0,0,0,0,0,0,4.90527477843843,15.95038680653221,11.045112027502483,False,False,False
Alamain (Latin District),1,1,0,0,1,0,1,0,0,1,1,0,0,0,1,0,0,0,0,0,0,1,0,0,0,0,0,0,5.477383630621318,15.614080119120878,10.13669648947059,False,False,False
Alamain (Latin District),1,1,0,0,1,0,1,1,1,0,0,0,0,0,0,0,0,0,0,0,0,1,0,0,0,0,0,0,4.202899968776446,14.28738743159169,10.084487461338014,False,False,True
Alamain (Latin District),1,1,0,0,1,0,1,1,1,0,0,1,0,0,0,0,0,0,0,0,0,1,0,0,0,0,0,0,4.531092982591776,15.663020042296822,11.13192705954647,False,False,False
New Garden City,1,1,0,0,0,0,0,0,0,1,0,0,1,0,0,0,0,0,0,1,0,0,0,0,0,0,0,0,5.147494476813453,15.76242020735267,10.614925730710477,False,False,False
Alamain (Latin District),1,1,0,0,1,0,0,1,1,0,0,1,0,0,0,0,0,0,0,0,0,1,0,0,0,0,0,0,4.531092982591776,15.765697263786848,11.234604281037749,False,False,False
Mazarine Apartment,1,1,0,0,0,0,0,0,1,1,1,0,0,1,0,0,0,1,0,0,0,0,0,0,0,0,0,0,5.529429087511423,16.43727639046947,10.907847302899908,False,False,False
New Garden City,1,1,0,0,0,0,1,0,0,1,0,0,0,1,0,0,0,0,0,1,0,0,0,0,0,0,0,0,5.902633333401366,16.52469345066242,10.622060116168957,False,False,False
Alamain (Latin District),1,1,0,0,1,0,1,0,0,1,1,0,0,1,0,0,0,0,0,0,0,1,0,0,0,0,0,0,5.352189832012527,15.83599795680044,10.483808123727847,False,False,False
Latin City,0,0,0,0,1,0,0,0,0,0,1,0,1,0,0,0,0,0,0,0,0,1,0,0,0,0,0,0,4.90527477843843,15.889311219754024,10.98403644087562,False,False,False
Alamain (Latin District),1,1,0,0,1,0,0,1,1,0,0,1,0,0,0,0,0,0,0,0,0,1,0,0,0,0,0,0,4.801476827348709,15.200554137182513,10.39907730970264,False,False,False
AlMaqsad Park,1,1,0,0,1,0,0,0,0,1,0,0,0,1,0,0,0,0,0,1,0,0,0,0,0,0,0,0,5.0238805208462765,15.346554402970362,10.32267388264323,False,False,False
Mazarine Apartment,0,1,0,1,1,0,1,0,1,1,1,0,0,1,0,0,0,1,0,0,0,1,0,0,0,0,0,0,5.529429087511423,16.410690635270743,10.881261547371231,False,False,False
Latin City,0,1,0,0,1,0,1,0,0,0,1,0,0,1,0,1,0,0,0,0,0,1,0,0,0,0,0,0,5.332718793265369,16.035908979970372,10.703190185782194,False,False,False
Latin City,0,1,0,0,1,0,0,0,0,0,1,0,0,0,1,1,0,0,0,0,0,1,0,0,0,0,0,0,5.513428746164983,16.409944032279515,10.89651528563653,False,False,False
Jade Park,1,0,1,1,0,0,1,0,1,0,0,0,0,0,1,0,1,0,0,1,0,0,0,0,0,0,0,0,5.459585514144159,15.954281765720104,10.49469625281284,False,False,False
Mazarine Apartment,0,1,0,1,1,0,1,0,1,1,1,0,0,1,0,0,0,1,0,0,0,1,0,0,0,0,0,0,5.5093883366279774,16.373590219156856,10.864201883280176,False,False,False
Latin City,1,0,1,1,0,0,0,0,0,0,1,0,0,1,0,0,0,0,0,0,0,1,0,0,0,0,0,0,5.3230099791384085,16.247280109339144,10.924270130684084,False,False,False
Latin City,1,1,0,1,1,0,0,0,0,0,1,0,0,0,1,0,0,0,0,0,0,1,0,0,0,0,0,0,5.288267030694535,15.949676999333356,10.6614099691832,False,False,False
Alamain (Latin District),1,1,0,0,1,0,0,0,0,1,1,0,0,1,0,0,0,0,0,0,0,1,0,0,0,0,0,0,5.345391773933965,16.18995108805875,10.844559314555122,False,False,False
Central,1,1,0,1,0,0,1,0,1,0,0,0,0,0,0,0,0,0,0,0,1,0,0,1,0,1,0,0,5.173434184401347,17.199460046216878,12.02602586207639,False,False,False
Latin City,1,1,0,1,1,0,0,0,0,0,1,0,0,0,1,0,0,0,0,0,0,1,0,0,0,0,0,0,5.407171771460119,15.800229247329224,10.393057476006524,False,False,False
Mazarine Apartment,0,1,0,1,1,0,1,0,1,1,1,0,0,1,0,0,0,1,0,0,0,1,0,0,0,0,0,0,5.525452939131784,16.376374659040785,10.850921719777697,False,False,False
Mazarine Apartment,1,1,0,1,1,0,1,0,1,1,1,0,0,1,0,0,0,1,0,0,0,0,0,0,0,0,0,0,5.442417710521793,16.398602039661004,10.956184329010794,False,False,False
Latin City,1,1,0,0,1,1,0,1,1,0,0,0,0,1,0,0,0,0,0,0,0,1,0,0,0,0,0,0,5.298317366548036,15.80475383172596,10.506436465177924,False,False,False
Zahya,1,1,0,1,0,0,0,0,1,0,0,0,0,1,0,0,0,0,1,0,0,0,0,0,1,0,0,0,6.222576268071369,16.272274901805993,10.049698632706084,False,False,False
Central,1,1,0,1,0,0,1,0,1,0,0,0,0,0,0,0,0,0,0,0,1,0,0,1,0,1,0,0,5.173434184401347,17.323587301253525,12.15015311660236,True,False,False
Mazarine Apartment,1,1,0,0,0,0,0,0,1,1,1,0,0,1,0,0,0,1,0,0,0,0,0,0,0,0,0,0,5.529429087511423,16.222815961728724,10.69338687504583,False,False,False
Jade Park,1,0,1,1,0,1,0,0,1,0,0,0,0,1,0,0,1,0,0,1,0,0,0,0,0,0,0,0,5.765191102784844,16.078106642741957,10.312915541383006,False,False,False
Central,1,1,0,1,0,0,0,0,1,0,0,0,0,0,0,0,0,0,0,0,1,0,0,1,0,1,0,0,5.443023587547295,17.641627030383294,12.19860344285627,True,False,True
Latin City,0,1,0,1,1,0,1,0,0,0,1,0,0,1,0,0,0,0,0,0,0,1,0,0,0,0,0,0,5.332718793265369,16.24384685626388,10.911128063077877,False,False,False
Mazarine Apartment,0,1,0,1,1,0,0,0,1,1,1,0,0,1,0,0,0,1,0,0,0,1,0,0,0,0,0,0,5.452496617395711,16.59860638672195,11.14610976983524,False,False,False
AlMaqsad Park,1,1,0,0,1,0,0,0,0,1,0,0,0,1,0,0,0,0,0,1,0,0,0,0,0,0,0,0,5.056245805348308,15.426946473061047,10.370700666914336,False,False,False
Alamain (Latin District),1,1,0,0,1,0,0,1,1,0,0,1,0,0,0,0,0,0,0,0,0,1,0,0,0,0,0,0,4.531092982591776,15.24821129189832,10.717118310117046,False,False,False
Central,1,1,0,1,0,0,1,0,1,0,0,0,0,0,0,0,0,0,0,0,1,0,0,1,0,1,0,0,5.21134235253363,17.402910843128357,12.19156849047569,True,False,False
Alamain (Latin District),1,1,0,0,1,0,0,0,0,1,1,0,0,0,1,0,0,0,0,0,0,1,0,0,0,0,0,0,5.453439003415337,15.937173115078073,10.483734112156444,False,False,False
Downtown Extension,1,1,0,1,1,0,0,0,0,0,0,0,0,1,0,0,0,1,0,0,0,1,0,0,0,0,0,0,5.525452939131784,15.848777262523496,10.323324321807736,False,False,False
Zahya,1,1,0,1,0,0,0,0,1,0,0,0,0,1,0,0,0,0,1,0,0,0,0,0,1,0,0,0,6.016157159698354,16.177495994239766,10.16133883341062,False,False,False
Zahya,1,1,0,1,0,0,0,0,1,0,0,0,0,1,0,0,1,0,1,0,0,0,0,0,1,0,0,0,6.008813185442595,16.314320112921266,10.305506927585508,False,False,False
Mazarine Apartment,1,1,0,0,0,0,1,0,1,1,1,0,0,1,0,0,0,1,0,0,0,0,0,0,0,0,0,0,5.529429087511423,16.6929096445564,11.163480556932416,False,False,False
Jade Park,1,0,1,1,0,0,0,0,1,0,0,0,0,0,1,0,1,0,0,1,0,0,0,0,0,0,0,0,5.940171252720432,16.529145137360384,10.588973883579229,False,False,False
Alamain (Latin District),1,1,0,0,1,0,0,1,1,0,0,0,0,0,1,0,0,0,0,0,0,1,0,0,0,0,0,0,5.502114986264709,15.846811724316176,10.344696737937747,False,False,False
Maspero Business Tower Nile Heights,1,1,0,0,1,1,0,0,1,1,0,0,0,0,0,0,0,0,0,0,0,0,0,1,0,1,0,0,5.170483995038151,16.248685220661923,11.078201225904596,False,False,False
Beachfront Tower - B1,0,0,0,0,1,0,1,0,1,1,1,0,0,1,0,0,0,1,0,0,0,0,0,0,0,0,0,0,5.986452005284438,17.784065114128076,11.797613109093128,False,False,True
Latin City,0,1,0,0,1,0,1,0,0,0,1,0,0,1,0,1,0,0,0,0,0,1,0,0,0,0,0,0,5.308267697401205,15.994910550387942,10.686642852240215,False,False,False
Mazarine Apartment,1,1,0,1,1,0,1,0,1,1,1,0,0,1,0,0,0,1,0,0,0,1,0,0,0,0,0,0,5.54907608489522,16.424844786127327,10.875768700628722,False,False,False
Latin City,0,1,0,1,1,0,1,0,0,0,1,0,0,1,0,0,0,0,0,0,0,1,0,0,0,0,0,0,5.198497031265826,16.122884167690117,10.924387137240377,False,False,False
Latin City,1,1,0,0,1,0,1,1,1,0,0,0,0,0,1,0,0,0,0,0,0,1,0,0,0,0,0,0,5.442417710521793,15.884143900927508,10.441726191580846,False,False,False
Alamain (Latin District),1,1,0,0,1,0,0,1,1,0,0,1,0,0,0,0,0,0,0,0,0,1,0,0,0,0,0,0,4.531092982591776,15.734343109755804,11.203250126644727,False,False,False
New Garden City,1,1,0,0,0,0,0,0,0,1,0,1,0,0,0,0,0,0,0,1,0,0,0,0,0,0,0,0,4.454347296253507,15.160461955549785,10.70611465981738,False,False,False
AlMaqsad Park,1,1,0,0,1,0,1,0,0,1,0,0,0,0,0,0,0,0,0,1,0,0,0,0,0,0,0,0,5.062595033026967,15.356455473953076,10.293860440540586,False,False,False
PODIA,0,1,1,0,1,0,0,0,0,1,0,0,0,0,0,0,0,0,0,0,0,0,0,1,0,0,0,1,4.07753744390572,16.795672236527306,12.71813479258604,True,True,False
Jade Park,1,0,1,1,0,0,0,0,1,0,0,0,1,0,0,0,1,0,0,1,0,0,0,0,0,0,0,0,5.204006687076795,15.774618940184224,10.57061225381235,False,False,False
New Garden City,1,1,0,0,0,0,1,0,0,1,0,0,0,1,0,0,0,0,0,1,0,0,0,0,0,0,0,0,5.62040086571715,16.23472246289004,10.614321596781323,False,False,False
Alamain (Latin District),1,1,0,0,1,0,1,1,1,0,0,1,0,0,0,0,0,0,0,0,0,1,0,0,0,0,0,0,4.531092982591776,14.856846778812654,10.32575379777612,False,False,False
Alamain (Latin District),1,1,0,0,1,0,1,0,0,1,1,0,0,0,1,0,0,0,0,0,0,1,0,0,0,0,0,0,5.453995450727716,16.298498701929645,10.84450325159919,False,False,False
Mazarine Apartment,1,1,0,0,0,0,0,0,1,1,1,0,0,1,0,0,0,1,0,0,0,0,0,0,0,0,0,0,5.529429087511423,16.319320738171506,10.789891651118012,False,False,False
Downtown Extension,1,1,0,1,1,0,1,0,1,1,1,0,1,0,0,0,0,1,0,0,0,1,0,0,0,0,0,0,5.153291594497779,15.93992546528684,10.786633870860763,False,False,False
Mazarine Apartment,1,1,0,1,1,0,0,0,1,1,1,0,0,1,0,0,0,1,0,0,0,0,0,0,0,0,0,0,5.442417710521793,16.403951056068692,10.961533345291434,False,False,False
Latin City,0,1,0,0,1,0,0,0,0,0,1,0,0,1,0,1,0,0,0,0,0,1,0,0,0,0,0,0,5.303304908059076,16.199952097428152,10.896647189820564,False,False,False
Mazarine Apartment,1,1,0,1,1,0,0,0,1,1,1,0,1,0,0,1,0,0,0,0,0,1,0,0,0,0,0,0,4.976733742420574,16.022245325301487,11.045511583431209,False,False,False
Latin City,1,1,0,1,1,1,0,0,0,0,1,0,0,1,0,0,0,0,0,0,0,1,0,0,0,0,0,0,5.288267030694535,16.406652340820763,11.118385310141214,False,False,False
Mazarine Apartment,1,1,0,1,1,0,0,0,1,1,1,0,0,1,0,0,0,1,0,0,0,1,0,0,0,0,0,0,5.442417710521793,16.355063208865598,10.912645498967128,False,False,False
Alamain (Latin District),1,1,0,0,1,0,1,0,0,1,1,0,1,0,0,0,0,0,0,0,0,1,0,0,0,0,0,0,5.160605820672551,15.691917501252616,10.531311680294,False,False,False
Beachfront Tower - B1,0,0,0,0,1,0,1,0,1,1,1,0,0,1,0,0,0,1,0,0,0,0,0,0,0,0,0,0,5.765191102784844,17.995375107829798,12.230184004835335,True,False,True
Marina 8 By The Lake,1,1,0,1,0,0,0,1,0,1,0,0,0,0,0,0,0,0,0,0,0,1,0,0,0,0,0,0,4.667769327744611,15.189732337849897,10.521963009371984,False,False,False
Alamain (Latin District),1,1,0,0,1,0,1,0,0,1,1,0,0,1,0,0,0,0,0,0,0,1,0,0,0,0,0,0,5.3518107389880365,16.243758668953976,10.891947929936396,False,False,False
Alamain (Latin District),1,1,0,0,1,0,1,1,1,0,0,1,0,0,0,0,0,0,0,0,0,1,0,0,0,0,0,0,4.531092982591776,14.807650602121868,10.276557618440732,False,False,False
Blu Vert,1,1,0,0,1,0,0,1,0,0,0,1,0,0,0,0,0,0,0,1,0,0,0,0,1,0,0,0,5.6240175061873385,17.24914286076959,11.625125354498351,False,False,False
Alamain (Latin District),1,1,0,0,1,0,1,1,1,0,0,1,0,0,0,0,0,0,0,0,0,1,0,0,0,0,0,0,4.531092982591776,15.67274560915124,11.14165262692506,False,False,False
Blu Vert,1,1,0,0,1,0,0,1,0,0,0,1,0,0,0,0,0,0,0,1,0,0,0,0,0,0,0,0,5.087596335232384,15.839835717085444,10.752239381826644,False,False,False
Beachfront Tower - B1,0,0,0,0,1,1,0,0,1,1,1,0,0,1,0,0,0,1,0,0,0,0,0,0,0,0,0,0,5.986452005284438,17.80039361435915,11.813941609238348,False,False,True
Blu Vert,1,1,0,0,1,0,0,1,0,0,0,1,0,0,0,0,0,0,0,1,0,0,0,0,0,0,0,0,5.087596335232384,16.014067580534274,10.926471244769266,False,False,False
Latin City,1,1,0,1,1,0,0,0,0,0,1,0,0,1,0,0,0,0,0,0,0,1,0,0,0,0,0,0,5.267858159063328,15.631149300982273,10.363291140909991,False,False,False
Mazarine Apartment,1,1,0,1,1,0,1,0,1,1,1,0,0,1,0,0,0,1,0,0,0,1,0,0,0,0,0,0,5.436033739911871,16.658557743852615,11.222524003663311,False,False,False
New Garden City,1,1,0,0,1,0,0,0,0,1,0,0,0,0,0,0,0,0,0,1,0,0,0,1,0,0,0,1,5.493061443340548,17.15227607946704,11.659214635955845,False,False,False
Alamain (Latin District),1,1,0,0,1,0,1,1,1,0,0,1,0,0,0,0,0,0,0,0,0,1,0,0,0,0,0,0,4.531092982591776,15.196038324189828,10.664945341894756,False,False,False
Al Fustat,1,1,0,1,0,0,1,1,1,0,1,0,0,0,0,0,0,0,0,0,0,0,1,0,0,0,0,0,5.072983919160791,15.26501443248205,10.192030514316327,False,False,False
Latin City,1,1,0,1,1,0,0,0,0,0,1,0,0,1,0,0,0,0,0,0,0,1,0,0,0,0,0,0,5.278114659230517,15.73888291399422,10.46076825341946,False,False,False
Mazarine Apartment,1,1,0,1,1,0,0,0,1,1,1,0,0,1,0,0,0,1,0,0,0,1,0,0,0,0,0,0,5.525452939131784,16.492207681408463,10.96675474294394,False,False,False
Alamain (Latin District),1,1,0,0,1,0,1,0,0,1,1,0,0,0,1,0,0,0,0,0,0,1,0,0,0,0,0,0,5.423803986589452,15.51314248113429,10.0893384945496,False,False,False
Blu Vert,1,1,0,0,1,0,0,1,0,0,0,1,0,0,0,0,0,0,0,1,0,0,0,0,1,0,0,0,5.41164605185504,17.006974075222136,11.59532802323554,False,False,False
Central,1,1,0,1,0,0,0,0,1,0,0,0,0,0,0,0,0,0,0,0,1,0,0,1,0,1,0,0,5.173434184401347,16.596873176755416,11.423438991819284,False,False,False
Central,1,1,0,1,0,0,0,0,1,0,0,0,0,0,0,0,0,0,0,0,1,0,0,1,0,1,0,0,5.116435712982468,17.26622799608982,12.149792283207788,True,False,False
Central,1,1,0,1,0,0,1,0,1,0,0,0,0,0,0,0,0,0,0,0,1,0,0,1,0,1,0,0,5.201090350786933,17.481377237769138,12.28028688710853,True,False,True
Mazarine Apartment,1,1,0,0,0,0,0,0,1,1,1,0,0,1,0,0,0,1,0,0,0,0,0,0,0,0,0,0,5.529429087511423,15.87907675048582,10.349647661501194,False,False,False
New Garden City,1,1,0,0,0,0,0,0,0,1,0,0,0,1,0,0,0,0,0,1,0,0,0,0,0,0,0,0,5.786897381366708,16.391932316588047,10.605034934901948,False,False,False
Latin City,0,1,0,0,1,0,1,0,0,0,1,0,1,0,0,1,0,0,0,0,0,1,0,0,0,0,0,0,4.897839799950911,15.688081669928742,10.79024186957814,False,False,False
Latin City,0,1,0,1,1,0,0,0,0,0,1,0,0,0,1,0,0,0,0,0,0,1,0,0,0,0,0,0,5.351858133476067,15.81252112566495,10.460662990953644,False,False,False
Alamain (Latin District),1,1,0,0,1,0,0,1,1,0,0,1,0,0,0,0,0,0,0,0,0,1,0,0,0,0,0,0,4.531092982591776,14.68387075608088,10.15277777293434,False,False,True
Al Fustat,1,1,0,1,0,0,1,1,1,0,1,0,0,0,0,0,0,0,0,0,0,0,1,0,0,0,0,0,5.072983919160791,15.24582180450094,10.172837884432251,False,False,False
Mazarine Apartment,1,1,0,1,1,0,0,0,1,1,1,0,0,1,0,0,0,1,0,0,0,1,0,0,0,0,0,0,5.581501839947369,16.67071559638129,11.089213756547744,False,False,False
Downtown Extension,1,1,0,1,1,1,0,0,0,0,0,0,0,1,0,0,0,1,0,0,0,1,0,0,0,0,0,0,5.525452939131784,16.315798309790576,10.790345370724442,False,False,False
Alamain (Latin District),1,1,0,0,1,0,1,1,1,0,0,0,1,0,0,0,0,0,0,0,0,1,0,0,0,0,0,0,5.169801944312609,15.375968288176656,10.206166343706936,False,False,False
Mazarine Apartment,1,1,0,1,1,0,1,0,1,1,1,0,1,0,0,1,0,0,0,0,0,1,0,0,0,0,0,0,4.941642422609304,16.048209523494155,11.10656710152828,False,False,False
Mazarine Apartment,0,1,0,1,1,1,0,0,1,1,1,0,0,1,0,0,0,1,0,0,0,1,0,0,0,0,0,0,5.525452939131784,16.42396139384373,10.89850845415958,False,False,False
Latin City,0,1,0,1,1,0,1,0,0,0,1,0,0,1,0,0,0,0,0,0,0,1,0,0,0,0,0,0,5.332718793265369,15.768396320756011,10.435677527589949,False,False,False
Al Fustat,1,1,0,1,0,0,1,1,1,0,1,0,0,0,0,0,0,0,0,0,0,0,1,0,0,0,0,0,5.033895987670808,15.206792460595205,10.172896471974395,False,False,False
PODIA,0,1,1,0,1,0,0,0,0,1,0,0,0,0,0,0,0,0,0,0,0,0,0,1,0,0,0,1,3.6635616461296463,16.195241860134974,12.531680214097902,True,True,False
PODIA,0,1,1,0,1,0,0,0,0,1,0,0,0,0,0,0,0,0,0,0,0,0,0,1,0,0,0,1,4.22683374526818,16.58415400784177,12.357320262545356,True,False,False
Zahya,1,1,0,1,0,0,0,0,1,0,0,0,0,0,1,0,0,0,1,0,0,0,0,0,0,0,1,0,6.606650186198215,17.072568094872526,10.465917907288256,False,True,False
New Garden City,1,1,1,0,0,0,1,0,0,1,0,0,0,1,0,0,1,0,0,1,0,0,0,0,0,0,0,0,4.948759890378168,15.6645950938116,10.715835203716717,False,False,False
Latin City,0,1,0,1,1,0,0,0,0,0,1,0,0,1,0,0,0,0,0,0,0,1,0,0,0,0,0,0,5.332718793265369,15.873473067966986,10.54075427585104,False,False,False
Latin City,1,1,0,1,1,0,1,0,0,0,1,0,0,0,1,0,0,0,0,0,0,1,0,0,0,0,0,0,5.476463551931511,15.869249602291736,10.392786051514516,False,False,False
Zahya,1,1,0,1,0,0,0,0,1,0,0,0,0,0,1,0,0,0,1,0,0,0,0,0,0,0,1,0,6.606650186198215,17.08853360090292,10.48188341432579,False,True,False
Central,1,1,0,1,0,0,1,0,1,0,0,0,0,0,0,0,0,0,0,0,1,0,0,1,0,1,0,0,5.443023587547295,17.61302017660366,12.169996588917588,True,False,True
BEGONIA,0,1,0,0,1,0,0,1,0,1,0,0,0,1,0,0,0,1,0,0,1,0,0,0,0,0,0,0,4.966335035199676,15.944337324824852,10.978002290112984,False,False,False
Alamain (Latin District),1,1,0,0,1,0,1,0,0,1,1,0,0,1,0,0,0,0,0,0,0,1,0,0,0,0,0,0,5.329864482046166,16.174475984394427,10.84461150174949,False,False,False
Latin City,1,1,0,1,1,1,0,0,0,0,1,0,0,0,1,0,0,0,0,0,0,1,0,0,0,0,0,0,5.351858133476067,15.81252112566495,10.460662990953644,False,False,False
Latin City,0,1,0,1,1,0,1,0,0,0,1,0,0,1,0,0,0,0,0,0,0,1,0,0,0,0,0,0,5.337538079701318,15.798165830956416,10.460627750153476,False,False,False
Latin City,0,1,0,0,1,0,0,0,0,0,1,0,1,0,0,1,0,0,0,0,0,1,0,0,0,0,0,0,4.962844630259907,15.87818735331138,10.915342722797243,False,False,False
PODIA,0,1,1,0,1,1,0,0,0,1,0,0,0,0,0,0,0,0,0,0,0,0,0,1,0,1,0,0,4.30406509320417,16.0853658263354,11.781300733255224,False,False,False
Central,1,1,0,1,0,0,1,0,1,0,0,0,0,0,0,0,0,0,0,0,1,0,0,1,0,1,0,0,5.173434184401347,17.37499291859214,12.201558734143678,True,False,False
Downtown Extension,1,1,0,1,0,0,0,0,0,0,0,0,0,1,0,0,0,1,0,0,0,0,0,0,0,0,0,0,5.272999558563747,15.87538694414927,10.602387384820704,False,False,False
Alamain (Latin District),1,1,0,0,1,0,1,1,1,0,0,1,0,0,0,0,0,0,0,0,0,1,0,0,0,0,0,0,4.531092982591776,15.641993463250715,11.110900480844387,False,False,False
Mazarine Apartment,1,1,0,0,0,0,0,0,1,1,1,0,0,1,0,0,0,1,0,0,0,0,0,0,0,0,0,0,5.529429087511423,16.345948098000264,10.816519010743638,False,False,False
Alamain (Latin District),1,1,0,0,1,0,1,1,1,0,0,1,0,0,0,0,0,0,0,0,0,1,0,0,0,0,0,0,4.531092982591776,15.378485595988034,10.847392612921505,False,False,False
Al Fustat,1,1,0,1,0,0,1,1,1,0,1,0,0,0,0,0,0,0,0,0,0,0,1,0,0,0,0,0,5.072983919160791,15.24078521872505,10.16780130014132,False,False,False
New Garden City,1,1,0,0,0,0,1,0,0,1,0,0,1,0,0,0,0,0,0,1,0,0,0,0,0,0,0,0,5.209486152841421,15.892072958893266,10.682586805262074,False,False,False
Latin City,0,1,0,1,1,0,0,0,0,0,1,0,0,0,1,0,0,0,0,0,0,1,0,0,0,0,0,0,5.529429087511423,15.92232404643996,10.392894958101488,False,False,False
Mazarine Apartment,0,1,0,1,1,0,1,0,1,1,1,0,0,1,0,0,0,1,0,0,0,1,0,0,0,0,0,0,5.544786743165743,17.071643631188184,11.526856888470242,False,False,False
Jade Park,1,0,1,1,0,0,1,0,1,0,0,0,0,1,0,0,1,0,0,1,0,0,0,0,0,0,0,0,5.627621113690637,16.112278765636756,10.484657651161568,False,False,False
Central,1,1,0,1,0,0,1,0,1,0,0,0,0,0,0,0,0,0,0,0,1,0,0,1,0,1,0,0,5.443023587547295,17.622928318001744,12.179904730666376,True,False,True
Beachfront Tower - B1,0,0,0,0,1,0,1,0,1,1,1,0,0,1,0,0,0,1,0,0,0,0,0,0,0,0,0,0,5.736572297479192,17.645303465123447,11.908731167535686,False,False,True
Latin City,0,1,1,0,1,0,1,0,0,0,1,0,0,1,0,0,1,0,0,0,0,1,0,0,0,0,0,0,5.298317366548036,16.222635830232242,10.924318463684209,False,False,False
Central,1,1,0,1,0,0,1,0,1,0,0,0,0,0,0,0,0,0,0,0,1,0,0,1,0,1,0,0,5.141488102515018,17.37635775715597,12.234869654768474,True,False,False
Latin City,0,1,0,0,1,0,0,0,0,0,1,0,0,1,0,1,0,0,0,0,0,1,0,0,0,0,0,0,5.332718793265369,16.18144596645908,10.848727172536682,False,False,False
New Garden City,1,1,0,0,0,0,0,0,0,1,0,0,1,0,0,0,0,0,0,1,0,0,0,0,0,0,0,0,5.170483995038151,15.79194991205441,10.62146591657286,False,False,False
Beachfront Tower - B1,0,0,0,0,1,1,0,0,1,1,1,0,0,1,0,0,0,1,0,0,0,0,0,0,0,0,0,0,5.762051382780177,17.64853364515827,11.88648226254259,False,False,True
Alamain (Latin District),1,1,0,0,1,0,1,0,0,1,1,0,0,1,0,0,0,0,0,0,0,1,0,0,0,0,0,0,5.357764825191457,15.841551322916995,10.48378649875402,False,False,False
Latin City,0,1,0,0,1,0,0,0,0,0,1,0,0,1,0,1,0,0,0,0,0,1,0,0,0,0,0,0,5.303304908059076,16.161825413819646,10.858520506181742,False,False,False
Mazarine Apartment,0,1,0,1,1,0,0,0,1,1,1,0,0,1,0,0,0,1,0,0,0,1,0,0,0,0,0,0,5.480638923341991,16.318420832191848,10.837781908195089,False,False,False
Beachfront Tower - B1,0,0,0,0,1,1,0,0,1,1,1,0,0,0,0,0,0,0,0,0,0,0,0,0,0,0,0,0,5.736572297479192,17.459941658592474,11.723369360747377,False,False,True
BEGONIA,0,1,0,0,1,0,1,1,0,1,0,0,0,1,0,0,0,1,0,0,1,0,0,0,0,0,0,0,4.997212273764115,15.98513552370209,10.987923249846595,False,False,False
Mazarine Apartment,1,1,0,0,0,0,1,0,1,1,1,0,0,1,0,0,0,1,0,0,0,0,0,0,0,0,0,0,5.517452896464707,16.35015929964709,10.832706402992086,False,False,False
Downtown commercial,1,1,0,0,1,0,0,0,0,0,0,0,0,0,0,0,0,0,0,0,0,0,0,1,0,0,0,1,5.41610040220442,17.038975835166283,11.622875432762775,False,False,False
Mazarine Apartment,1,1,0,1,1,0,1,0,1,1,1,0,0,1,0,0,0,1,0,0,0,1,0,0,0,0,0,0,5.442417710521793,16.326815681606806,10.8843979703789,False,False,False
Latin City,0,1,0,0,1,0,1,0,0,0,1,0,1,0,0,1,0,0,0,0,0,1,0,0,0,0,0,0,4.897839799950911,15.874366666035002,10.97652686562473,False,False,False
Latin City,0,1,0,1,1,0,1,0,0,0,1,0,1,0,0,0,0,0,0,0,0,1,0,0,0,0,0,0,5.19295685089021,16.10814632010465,10.91518947002244,False,False,False
Downtown Extension,1,1,0,1,1,0,0,0,0,0,0,0,1,0,0,0,0,1,0,0,0,1,0,0,0,0,0,0,5.159055299214529,15.930681147098356,10.771625848149174,False,False,False
Beachfront Tower - B1,0,0,0,0,1,0,1,0,1,1,1,0,0,1,0,0,0,1,0,0,0,0,0,0,0,0,0,0,5.986452005284438,17.995375107829798,12.008923102306673,False,False,True
Downtown Extension,1,1,0,1,1,0,0,0,0,0,0,0,1,0,0,0,0,1,0,0,0,1,0,0,0,0,0,0,5.152771227916698,15.916713591425625,10.763942363690676,False,False,False
New Garden City,1,1,0,0,0,0,1,0,0,1,0,0,1,0,0,0,0,0,0,1,0,0,0,0,0,0,0,0,5.170483995038151,15.811570490705058,10.641086495232123,False,False,False
Alamain (Latin District),1,1,0,0,1,0,0,0,0,1,1,0,1,0,0,0,0,0,0,0,0,1,0,0,0,0,0,0,4.895374075983382,15.221117230116535,10.32574315471138,False,False,False
Jade Park,1,0,1,1,0,0,0,0,1,0,0,0,0,1,0,0,1,0,0,1,0,0,0,0,0,0,0,0,5.402677381872279,15.887171912325147,10.48449453166224,False,False,False
Alamain (Latin District),1,1,0,0,1,0,0,0,0,1,1,0,0,0,1,0,0,0,0,0,0,1,0,0,0,0,0,0,5.351478914662269,15.431129329473457,10.079650416789322,False,False,False
Alamain (Latin District),1,1,0,0,1,0,1,0,0,1,1,0,0,1,0,0,0,0,0,0,0,1,0,0,0,0,0,0,5.373610350583468,16.218212442293094,10.844602092296617,False,False,False
PODIA,0,1,1,0,1,0,0,0,0,1,0,0,0,0,0,0,0,0,0,0,0,0,0,1,0,0,0,1,3.610917912644224,16.17608150015697,12.565163587493876,True,True,False
Jade Park,1,0,1,1,0,0,1,0,1,0,0,0,0,0,1,0,1,0,0,1,0,0,0,0,0,0,0,0,5.541263545158426,16.04573998876618,10.50447644436028,False,False,False
Downtown Extension,1,1,0,1,1,0,0,0,0,0,0,0,1,0,0,0,0,1,0,0,0,1,0,0,0,0,0,0,5.093750200806762,15.800229247329224,10.706479046989688,False,False,False
Latin City,0,1,0,0,1,0,1,0,0,0,1,0,0,1,0,1,0,0,0,0,0,1,0,0,0,0,0,0,5.3230099791384085,16.20078101757693,10.877771039313128,False,False,False
PODIA,0,1,1,0,1,0,0,0,0,1,0,0,0,0,0,0,0,0,0,0,0,0,0,1,0,0,0,1,3.881563797943437,16.510610599890857,12.62904680203859,True,True,False
New Garden City,1,1,0,0,0,0,1,0,0,1,0,0,0,1,0,0,0,0,0,1,0,0,0,0,0,0,0,0,5.659482215759621,16.294734424616777,10.635252209049916,False,False,False
Latin City,1,1,0,0,1,0,1,1,1,0,0,0,0,1,0,0,0,0,0,0,0,1,0,0,0,0,0,0,5.332718793265369,15.980670975046648,10.647952181941903,False,False,False
Mazarine Apartment,0,1,0,1,1,0,1,0,1,1,1,0,0,1,0,0,0,1,0,0,0,1,0,0,0,0,0,0,5.533033694214862,17.07825014647886,11.545216451782318,False,False,False
Latin City,0,1,0,0,1,0,1,0,0,0,1,0,1,0,0,1,0,0,0,0,0,1,0,0,0,0,0,0,4.836281906951478,15.626745803692986,10.79046389765684,False,False,False
Downtown Extension,1,1,0,1,1,0,1,0,0,0,0,0,1,0,0,0,0,1,0,0,0,1,0,0,0,0,0,0,5.093750200806762,15.848777262523496,10.755027062253454,False,False,False
Downtown Extension,1,1,0,1,1,0,1,0,0,0,0,0,1,0,0,0,0,1,0,0,0,1,0,0,0,0,0,0,5.159055299214529,15.92596615317328,10.76691085487974,False,False,False
Mazarine Apartment,0,1,0,1,1,0,1,0,1,1,1,0,0,1,0,0,0,1,0,0,0,1,0,0,0,0,0,0,5.525452939131784,16.40844915196526,10.882996212698837,False,False,False
Latin City,0,1,0,0,1,0,0,0,0,0,1,0,0,0,1,1,0,0,0,0,0,1,0,0,0,0,0,0,5.455321115357702,16.313744667963135,10.858423553181046,False,False,False
Downtown Extension,1,1,0,1,1,0,0,0,0,0,0,0,1,0,0,0,0,1,0,0,0,1,0,0,0,0,0,0,5.343959724426738,15.85828811527252,10.514328390959111,False,False,False
Latin City,1,1,0,1,1,0,0,0,0,0,1,0,0,0,1,0,0,0,0,0,0,1,0,0,0,0,0,0,5.476463551931511,15.869249602291736,10.392786051514516,False,False,False
Alamain (Latin District),1,1,0,0,1,0,1,0,0,1,1,0,0,0,1,0,0,0,0,0,0,1,0,0,0,0,0,0,5.449449208551952,15.831879170668149,10.382429961585776,False,False,False
Alamain (Latin District),1,1,0,0,1,0,0,1,1,0,0,1,0,0,0,0,0,0,0,0,0,1,0,0,0,0,0,0,4.531092982591776,14.847983044127838,10.316890062624385,False,False,False
Central,1,1,0,1,0,0,1,0,1,0,0,0,0,0,0,0,0,0,0,0,1,0,0,1,0,1,0,0,5.173434184401347,16.78495018956334,11.61151600486899,False,False,False
Mazarine Apartment,0,1,0,1,1,0,0,0,1,1,1,0,1,0,0,1,0,0,0,0,0,1,0,0,0,0,0,0,4.976733742420574,16.01073313262982,11.033999390431914,False,False,False
Alamain (Latin District),1,1,0,0,1,0,0,0,0,1,1,0,0,0,1,0,0,0,0,0,0,1,0,0,0,0,0,0,5.402046552310513,15.481706804216984,10.079660252127937,False,False,False
Alamain (Latin District),1,1,0,0,1,0,0,1,1,0,0,1,0,0,0,0,0,0,0,0,0,1,0,0,0,0,0,0,4.573782712746459,14.867031239098534,10.29324852703691,False,False,False
Jade Park,1,0,1,1,0,1,0,0,1,0,0,0,0,0,1,0,1,0,0,1,0,0,0,0,0,0,0,0,6.525029657843462,16.961342459762303,10.43631280313232,False,True,False
Mazarine,1,1,0,1,0,0,0,0,1,1,1,0,0,1,0,0,0,1,0,0,0,0,0,0,1,0,0,0,5.69035945432406,16.763626977576603,11.073267523630095,False,False,False
Latin City,0,1,0,0,1,0,0,0,0,0,1,0,1,0,0,1,0,0,0,0,0,1,0,0,0,0,0,0,4.836281906951478,15.626745803692986,10.79046389765684,False,False,False
Latin City,0,1,0,1,1,0,0,0,0,0,1,0,0,0,1,0,0,0,0,0,0,1,0,0,0,0,0,0,5.468060141135132,16.33731149893455,10.869251358200993,False,False,False
Central,1,1,0,1,0,0,0,0,1,0,0,0,0,0,0,0,0,0,0,0,1,0,0,1,0,1,0,0,5.380588358980831,17.53052061465546,12.14993225556333,True,False,True
Latin City,1,1,0,1,1,0,1,0,0,0,1,0,0,1,0,0,0,0,0,0,0,1,0,0,0,0,0,0,5.170483995038151,16.112882083905433,10.942398089349789,False,False,False
Jade Park,1,0,1,1,0,0,0,0,1,0,0,0,0,0,1,0,1,0,0,1,0,0,0,0,0,0,0,0,5.808142489980444,16.469597236123054,10.661454746642187,False,False,False
Beachfront Tower - B1,0,0,0,0,1,1,0,0,1,1,1,0,0,1,0,0,0,1,0,0,0,0,0,0,0,0,0,0,5.986452005284438,17.795752802369563,11.809300796808646,False,False,True
Alamain (Latin District),1,1,0,0,1,0,1,1,1,0,0,1,0,0,0,0,0,0,0,0,0,1,0,0,0,0,0,0,4.531092982591776,15.62919458460812,11.0981016015086,False,False,False
Al Fustat,1,1,0,1,0,0,0,1,1,0,1,0,0,0,0,0,0,0,0,0,0,0,1,0,0,0,0,0,4.853435526076081,14.996624068144127,10.14318854179917,False,False,False
Latin City,0,1,0,1,1,0,1,0,0,0,1,0,0,1,0,0,0,0,0,0,0,1,0,0,0,0,0,0,5.332718793265369,15.964944471464143,10.632225679107869,False,False,False
New Garden City,1,1,0,0,0,0,1,0,0,1,0,0,1,0,0,0,0,0,0,1,0,0,0,0,0,0,0,0,4.948759890378168,15.616725185963084,10.667965295386798,False,False,False
Latin City,0,1,0,0,1,0,0,0,0,0,1,0,0,1,0,1,0,0,0,0,0,1,0,0,0,0,0,0,5.332718793265369,16.265998280881814,10.933279486978185,False,False,False
Latin City,1,1,0,0,1,0,1,1,1,0,0,0,0,1,0,0,0,0,0,0,0,1,0,0,0,0,0,0,5.332718793265369,15.925602538842869,10.592883744425844,False,False,False
Al Fustat,1,1,0,1,0,0,0,1,1,0,1,0,0,0,0,0,0,0,0,0,0,0,1,0,0,0,0,0,4.825830657008495,15.175717584320846,10.3498869272618,False,False,False
Mazarine Apartment,1,1,0,1,1,0,1,0,1,1,1,0,0,1,0,0,0,1,0,0,0,1,0,0,0,0,0,0,5.54907608489522,16.47828441419685,10.929208329887569,False,False,False
Mazarine Apartment,0,1,0,1,1,0,1,0,1,1,1,0,0,1,0,0,0,1,0,0,0,1,0,0,0,0,0,0,5.501258210544727,16.360178712091923,10.85892050217519,False,False,False
Latin City,1,1,0,0,1,0,0,1,1,0,0,0,0,1,0,0,0,0,0,0,0,1,0,0,0,0,0,0,5.332718793265369,15.766408248530626,10.433689453900652,False,False,False
Latin City,0,1,0,0,1,0,1,0,0,0,1,0,1,0,0,0,0,0,0,0,0,1,0,0,0,0,0,0,4.934473933130692,15.768396320756011,10.83392238731322,False,False,False
Alamain (Latin District),1,1,0,0,1,0,0,0,0,1,1,0,0,1,0,0,0,0,0,0,0,1,0,0,0,0,0,0,5.324472324024888,15.649850474727447,10.325378150649852,False,False,False
Latin City,1,1,0,0,1,0,0,1,1,0,0,0,0,1,0,0,0,0,0,0,0,1,0,0,0,0,0,0,5.332718793265369,15.977683497241577,10.644964703297264,False,False,False
Mazarine Apartment,1,1,0,0,0,0,0,0,1,1,1,0,0,1,0,0,0,1,0,0,0,0,0,0,0,0,0,0,5.529429087511423,16.45099006623165,10.92156097949442,False,False,False
Mazarine Apartment,1,1,0,1,1,0,0,0,1,1,1,0,0,1,0,0,0,1,0,0,0,0,0,0,0,0,0,0,5.442417710521793,16.141128350068893,10.698710639576417,False,False,False
Beachfront Tower - B1,0,0,0,0,1,1,0,0,1,1,1,0,0,0,0,0,0,0,0,0,0,0,0,0,0,0,0,0,5.37989735354046,17.156391603618374,11.77649424986548,False,False,False
Zahya,1,1,0,1,0,0,0,0,1,0,0,0,0,1,0,0,1,0,1,0,0,0,0,0,1,0,0,0,5.777652323222656,16.255071105985397,10.477418783809131,False,False,False
Alamain (Latin District),1,1,0,0,1,0,1,1,1,0,0,1,0,0,0,0,0,0,0,0,0,1,0,0,0,0,0,0,4.555664766084252,14.983337915653856,10.427673150086868,False,False,False
Mazarine Apartment,1,1,0,0,0,0,0,0,1,1,1,0,0,1,0,0,0,1,0,0,0,0,0,0,0,0,0,0,5.438079308923196,16.33336830789196,10.89528899840434,False,False,False
PODIA,0,1,1,0,1,1,0,0,0,1,0,0,0,0,0,0,0,0,0,0,0,0,0,1,0,1,0,0,4.718498871295094,16.523160679045144,11.80466180775005,False,False,False
Latin City,0,1,0,0,1,0,1,0,0,0,1,0,0,1,0,1,0,0,0,0,0,1,0,0,0,0,0,0,5.356586274672012,16.195519547923123,10.838933272621771,False,False,False
Downtown Extension,1,1,0,1,1,0,0,0,0,0,0,0,1,0,0,0,0,1,0,0,0,1,0,0,0,0,0,0,5.153291594497779,15.93992546528684,10.786633870860763,False,False,False
Mazarine Apartment,1,1,0,0,0,0,1,0,1,1,1,0,0,1,0,0,0,1,0,0,0,0,0,0,0,0,0,0,5.529429087511423,16.264876382166516,10.735447294516934,False,False,False
Downtown Extension,1,1,0,1,0,0,0,0,0,0,0,0,1,0,0,0,0,1,0,0,0,0,0,0,0,0,0,0,5.438079308923196,15.87014698072514,10.4320676723145,False,False,False
Alamain (Latin District),1,1,0,0,1,0,1,1,1,0,0,1,0,0,0,0,0,0,0,0,0,1,0,0,0,0,0,0,4.531092982591776,15.124113611368292,10.59302062757738,False,False,False
New Garden City,1,1,0,0,0,0,1,0,0,1,0,0,0,1,0,0,0,0,0,1,0,0,0,0,0,0,0,0,5.5909869805108565,16.198107588927705,10.607120608638391,False,False,False
Alamain (Latin District),1,1,0,0,1,0,1,1,1,0,0,1,0,0,0,0,0,0,0,0,0,1,0,0,0,0,0,0,4.531092982591776,14.994780749649838,10.463687766804066,False,False,False
Mamsha Avenue,1,1,0,0,1,0,0,0,1,1,0,0,0,1,0,0,0,0,0,1,0,0,0,0,0,0,0,0,5.14166355650266,15.61009935420249,10.468435797616731,False,False,False
Alamain (Latin District),1,1,0,0,1,0,1,1,1,0,0,1,0,0,0,0,0,0,0,0,0,1,0,0,0,0,0,0,4.471524501118173,15.3639237685606,10.892399267400547,False,False,False
Zahya,1,1,0,1,0,0,0,0,1,0,0,0,0,1,0,0,0,0,1,0,0,0,0,0,1,0,0,0,6.210600077024653,16.323075231644857,10.112475155532628,False,False,False
Alamain (Latin District),1,1,0,0,1,0,1,0,0,1,1,0,0,0,1,0,0,0,0,0,0,1,0,0,0,0,0,0,5.4752075333447845,15.611925838728522,10.136718304544322,False,False,False
Mazarine Apartment,1,1,0,1,1,0,1,0,1,1,1,0,0,1,0,0,0,1,0,0,0,1,0,0,0,0,0,0,5.480638923341991,16.339958382372807,10.859319459671635,False,False,False
PODIA,0,1,1,0,1,0,0,0,0,1,0,0,0,0,0,0,0,0,0,0,0,0,0,1,0,0,0,1,4.658710952916121,17.36276884241063,12.704057889432583,True,False,False
Alamain (Latin District),1,1,0,0,1,0,0,1,1,0,0,1,0,0,0,0,0,0,0,0,0,1,0,0,0,0,0,0,4.531092982591776,14.851537971440765,10.32044499012507,False,False,False
Mazarine Apartment,0,1,0,1,1,0,1,0,1,1,1,0,0,1,0,0,0,1,0,0,0,1,0,0,0,0,0,0,5.5093883366279774,16.40537764338876,10.895989307316006,False,False,False
PODIA,0,1,1,0,1,1,0,0,0,1,0,0,0,0,0,0,0,0,0,0,0,0,0,1,0,1,0,0,4.060443010546419,15.77419589850831,11.713752887877265,False,True,False
New Garden City,1,1,1,0,0,0,1,0,0,1,0,0,1,0,0,0,0,0,0,1,0,0,0,0,0,0,0,0,4.90527477843843,15.617880206304344,10.712605427453646,False,False,False
Zahya,1,1,0,1,0,0,0,0,1,0,0,0,1,0,0,0,0,1,1,0,0,0,0,0,0,0,1,0,6.745236349484363,16.976503000383925,10.23126665238299,False,True,False
Mazarine Apartment,1,1,0,1,1,0,1,0,1,1,1,0,0,1,0,0,0,1,0,0,0,1,0,0,0,0,0,0,5.442417710521793,16.355063208865598,10.912645498967128,False,False,False
Alamain (Latin District),1,1,0,0,1,0,0,0,0,1,1,0,1,0,0,0,0,0,0,0,0,1,0,0,0,0,0,0,5.169801944312609,15.806803712867405,10.637001769738688,False,False,False
Mazarine Apartment,0,1,0,1,1,0,1,0,1,1,1,0,0,1,0,0,0,1,0,0,0,1,0,0,0,0,0,0,5.478219331823224,16.638079212509076,11.159859880876937,False,False,False
Latin City,0,1,0,1,1,0,0,0,0,0,1,0,0,1,0,0,0,0,0,0,0,1,0,0,0,0,0,0,5.332718793265369,15.940164442465658,10.607445648985236,False,False,False
Mazarine Apartment,1,1,0,1,1,0,0,0,1,1,1,0,1,0,0,1,0,0,0,0,0,0,0,0,0,0,0,0,4.976733742420574,16.01073313262982,11.033999390431914,False,False,False
Downtown commercial,1,1,0,0,1,0,0,0,0,0,0,0,0,0,0,0,0,0,0,0,0,0,0,1,0,0,0,1,5.153291594497779,16.69285336201804,11.539561767857968,False,False,False
Alamain (Latin District),1,1,0,0,1,0,0,0,0,1,1,0,0,1,0,0,0,0,0,0,0,1,0,0,0,0,0,0,5.384724394288775,16.229279179918933,10.844554786164789,False,False,False
Mazarine Apartment,1,1,0,1,1,0,1,0,1,1,1,0,1,0,0,1,0,0,0,0,0,1,0,0,0,0,0,0,4.941642422609304,16.00425483453456,11.062612411252912,False,False,False
Alamain (Latin District),1,1,0,0,1,0,0,0,0,1,1,0,0,0,1,0,0,0,0,0,0,1,0,0,0,0,0,0,5.431842509153028,15.521167328138915,10.089324817811503,False,False,False
Mazarine Apartment,1,1,0,1,1,0,0,0,1,1,1,0,0,1,0,0,0,1,0,0,0,1,0,0,0,0,1,0,5.442417710521793,16.33256166107884,10.890143949717796,False,False,False
Latin City,0,1,0,1,1,0,0,0,0,0,1,0,1,0,0,0,0,0,0,0,0,1,0,0,0,0,0,0,4.962844630259907,15.957574724123218,10.994730094544302,False,False,False
Zahya,1,1,0,1,0,0,0,0,1,0,0,0,0,1,0,0,0,0,1,0,0,0,0,0,1,0,0,0,5.971261839790462,16.12636139537535,10.155099556536989,False,False,False
Latin City,1,1,0,1,1,0,0,0,0,0,1,0,0,1,0,0,0,0,0,0,0,1,0,0,0,0,0,0,5.337538079701318,15.730666905336252,10.393128826106356,False,False,False
Latin City,1,1,0,0,1,0,0,1,1,0,0,0,0,0,1,0,0,0,0,0,0,1,0,0,0,0,0,0,5.442417710521793,15.768396320756011,10.325978609737694,False,False,False
Mazarine Apartment,0,1,0,1,1,0,1,0,1,1,1,0,0,1,0,0,0,1,0,0,0,1,0,0,0,0,0,0,5.480638923341991,16.334657590906975,10.85401866820921,False,False,False
Blu Vert,1,1,0,0,1,0,1,1,0,0,0,1,0,0,0,0,0,0,0,1,0,0,0,0,0,0,0,0,5.10594547390058,15.927782244234812,10.82183677027375,False,False,False
Alamain (Latin District),1,1,0,0,1,0,0,1,1,0,0,1,0,0,0,0,0,0,0,0,0,1,0,0,0,0,0,0,4.531092982591776,14.759805486248029,10.228712503478889,False,False,False
Latin City,1,1,0,1,1,0,1,0,0,0,1,0,0,0,1,0,0,0,0,0,0,1,0,0,0,0,0,0,5.407171771460119,15.800229247329224,10.393057476006524,False,False,False
Zahya,1,1,0,1,0,0,0,0,1,0,0,0,0,1,0,0,0,0,1,0,0,0,0,0,1,0,0,0,6.016157159698354,16.17163641788635,10.155479257524489,False,False,False
Mazarine Apartment,1,1,0,1,1,0,1,0,1,1,1,0,0,1,0,0,0,1,0,0,0,1,0,0,0,0,0,0,5.552959584921617,16.43305236554498,10.880092780024912,False,False,False
Mazarine Apartment,0,1,0,1,1,0,1,0,1,1,1,0,0,1,0,0,0,1,0,0,0,1,0,0,0,0,0,0,5.442417710521793,16.34944543881963,10.90702772905956,False,False,False
Alamain (Latin District),1,1,0,0,1,0,0,1,1,0,0,1,0,0,0,0,0,0,0,0,0,1,0,0,0,0,0,0,4.50501830403765,15.493541261863989,10.988522957684411,False,False,False
Central,1,1,0,1,0,0,0,0,1,0,0,0,0,0,0,0,0,0,0,0,1,0,0,1,0,1,0,0,4.722864328804734,16.930979513120597,12.208115184127257,True,False,False
Alamain (Latin District),1,1,0,0,1,0,1,0,0,1,1,0,0,1,0,0,0,0,0,0,0,1,0,0,0,0,0,0,5.303553633343283,15.94052280118657,10.636969167178052,False,False,False
Alamain (Latin District),1,1,0,0,1,1,0,0,0,1,1,0,0,1,0,0,0,0,0,0,0,1,0,0,0,0,0,0,5.312072331780373,15.83400711401667,10.52193478306571,False,False,False
New Garden City,1,1,0,0,0,0,1,0,0,1,0,0,1,0,0,0,0,0,0,1,0,0,0,0,0,0,0,0,4.90527477843843,15.569741215299915,10.664466436688445,False,False,False
Alamain (Latin District),1,1,0,0,1,0,0,1,1,0,0,1,0,0,0,0,0,0,0,0,0,1,0,0,0,0,0,0,4.531092982591776,15.558604855211048,11.027511872999323,False,False,False
Central,1,1,0,1,0,0,1,0,1,0,0,0,0,0,0,0,0,0,0,0,1,0,0,1,0,1,0,0,5.173434184401347,17.307157842548502,12.133723658224378,True,False,False
Alamain (Latin District),1,1,0,0,1,0,0,0,0,1,1,0,0,1,0,0,0,0,0,0,0,1,0,0,0,0,0,0,5.367890069899997,16.21240533042906,10.844515260894612,False,False,False
Latin City,0,1,1,0,1,0,0,0,0,0,1,0,0,1,0,0,0,0,0,0,0,1,0,0,0,0,0,0,5.356586274672012,16.262455701465157,10.905869426446912,False,False,False
Jade Park,1,0,1,1,0,0,1,0,1,0,0,0,0,0,1,0,1,0,0,1,0,0,0,0,0,0,0,0,5.7899601708972535,16.284541858593983,10.494581688941333,False,False,False
Mazarine Apartment,1,1,0,1,1,0,1,0,1,1,1,0,0,1,0,0,0,1,0,0,0,1,0,0,0,0,0,0,5.442417710521793,16.34944543881963,10.90702772905956,False,False,False
Zahya,1,1,0,1,0,0,0,0,1,0,0,0,0,1,0,0,1,0,1,0,0,0,0,0,0,0,1,0,6.3972629330062665,16.67976646872988,10.282503536039536,False,True,False
Central,1,1,0,1,0,0,1,0,1,0,0,0,0,0,0,0,0,0,0,0,1,0,0,1,0,1,0,0,5.298467355299161,17.584401950047596,12.285934594867909,True,False,True
Al Fustat,1,1,0,1,0,0,0,1,1,0,1,0,0,0,0,0,0,0,0,0,0,0,1,0,0,0,0,0,4.825830657008495,14.988611698623124,10.162781041610604,False,False,False
Latin City,0,1,0,1,1,0,0,0,0,0,1,0,0,1,0,0,0,0,0,0,0,1,0,0,0,0,0,0,5.332718793265369,15.838381748155715,10.505662954057014,False,False,False
Alamain (Latin District),1,1,0,0,1,0,1,1,1,0,0,1,0,0,0,0,0,0,0,0,0,1,0,0,0,0,0,0,4.531092982591776,15.761277839671676,11.2301848566827,False,False,False
Maspero Business Tower Nile Heights,1,1,0,0,1,0,0,0,1,1,0,0,0,0,0,0,0,0,0,0,0,0,0,1,0,1,0,0,5.087596335232384,16.263926099169858,11.176329764127622,False,False,False
Beachfront Tower - B1,0,0,0,0,1,0,1,0,1,1,1,0,0,1,0,0,0,1,0,0,0,0,0,0,0,0,0,0,5.736572297479192,17.64747252221749,11.910900224998306,False,False,True
Latin City,1,1,0,0,1,0,0,1,1,0,0,0,0,1,0,0,0,0,0,0,0,1,0,0,0,0,0,0,5.332718793265369,16.056220247240233,10.723501453549332,False,False,False
Alamain (Latin District),1,1,0,0,1,0,1,1,1,0,0,1,0,0,0,0,0,0,0,0,0,1,0,0,0,0,0,0,4.452252079563379,14.669925886120344,10.217673805453984,False,False,True
Zahya,1,1,0,1,0,0,0,0,1,0,0,0,1,0,0,0,0,1,1,0,0,0,0,0,1,0,0,0,5.888323788188469,16.188647306909264,10.300323519801776,False,False,False
PODIA,0,1,1,0,1,0,0,0,0,1,0,0,0,0,0,0,0,0,0,0,0,0,0,1,0,0,0,1,3.8607297110405954,16.425947930199484,12.565218219048637,True,True,False
Beachfront Tower - B1,0,0,0,0,1,1,0,0,1,1,1,0,0,1,0,0,0,1,0,0,0,0,0,0,0,0,0,0,5.765191102784844,17.629700203043658,11.864509099963268,False,False,True
Alamain (Latin District),1,1,0,0,1,0,0,0,0,1,1,0,0,1,0,0,0,0,0,0,0,1,0,0,0,0,0,0,5.345105528046796,16.189671849447542,10.844566320740348,False,False,False
Mazarine,1,1,0,1,0,0,0,0,1,1,1,0,0,1,0,0,0,1,0,0,0,0,0,0,1,0,0,0,5.69035945432406,16.744782464817995,11.054423010921422,False,False,False
Alamain (Latin District),1,1,0,0,1,0,0,1,1,0,0,1,0,0,0,0,0,0,0,0,0,1,0,0,0,0,0,0,4.5266679578331335,14.909780097198247,10.38311213909059,False,False,False
Latin City,0,1,0,1,1,0,1,0,0,0,1,0,0,1,0,0,0,0,0,0,0,1,0,0,0,0,0,0,5.332718793265369,16.078210717259406,10.74549192496188,False,False,False
Latin City,1,1,0,0,1,0,0,1,1,0,0,0,0,0,1,0,0,0,0,0,0,1,0,0,0,0,0,0,5.459585514144159,15.99230564490002,10.532720131946608,False,False,False
Alamain (Latin District),1,1,0,0,1,0,0,0,0,1,1,0,0,1,0,0,0,0,0,0,0,1,0,0,0,0,0,0,5.362371395338142,16.20693036465881,10.844558969219744,False,False,False
Alamain (Latin District),1,1,0,0,1,0,1,0,0,1,1,0,0,0,1,0,0,0,0,0,0,1,0,0,0,0,0,0,5.351478914662269,15.440821819554664,10.089342903949875,False,False,False
AlMaqsad Park,1,1,0,0,1,0,1,0,0,1,0,0,0,1,0,0,0,0,0,1,0,0,0,0,0,0,0,0,5.043425116919247,15.41388752303895,10.37046240591748,False,False,False
Latin City,0,1,0,1,1,0,0,0,0,0,1,0,0,0,1,0,0,0,0,0,0,1,0,0,0,0,0,0,5.4510384535657,15.902175944733427,10.45113749154003,False,False,False
Mazarine Apartment,1,1,0,1,1,0,1,0,1,1,1,0,1,0,0,0,0,1,0,0,0,1,0,0,0,0,0,0,5.545177444479562,16.710593423368337,11.165415978181004,False,False,False
New Garden City,1,1,1,0,0,0,1,0,0,1,0,1,0,0,0,0,0,0,0,1,0,0,0,0,0,0,0,0,4.48863636973214,15.207538450931926,10.718902081398642,False,False,False
Beachfront Tower - B1,0,0,0,0,1,1,0,0,1,1,1,0,0,1,0,0,0,1,0,0,0,0,0,0,0,0,0,0,5.986452005284438,17.807323931538708,11.820871926472172,False,False,True
Downtown Extension,1,1,0,1,1,0,0,0,0,0,0,0,1,0,0,0,0,1,0,0,0,1,0,0,0,0,0,0,5.157329673247059,15.878568620393589,10.721238947084265,False,False,False
Latin City,0,1,0,1,1,0,0,0,0,0,1,0,1,0,0,0,0,0,0,0,0,1,0,0,0,0,0,0,5.176149732573829,16.118495570979647,10.942345838205895,False,False,False
Alamain (Latin District),1,1,0,0,1,0,0,1,1,0,0,1,0,0,0,0,0,0,0,0,0,1,0,0,0,0,0,0,4.531092982591776,14.799086036644026,10.267993052489048,False,False,False
Alamain (Latin District),1,1,0,0,1,0,1,1,1,0,0,0,0,0,1,0,0,0,0,0,0,1,0,0,0,0,0,0,5.441291535499143,15.823724590355742,10.382433055674586,False,False,False
Alamain (Latin District),1,1,0,0,1,0,1,0,0,1,1,0,1,0,0,0,0,0,0,0,0,1,0,0,0,0,0,0,5.160605820672551,15.691917501252616,10.531311680294,False,False,False
Zahya,1,1,0,1,0,0,0,0,1,0,0,0,0,1,0,0,1,0,1,0,0,0,0,0,0,0,1,0,6.393757964050511,16.678739481705172,10.284981518148438,False,True,False
Mazarine Apartment,0,1,0,1,1,0,0,0,1,1,1,0,0,1,0,0,0,1,0,0,0,1,0,0,0,0,0,0,6.100543142134219,16.759844268432264,10.659301125550073,False,False,False
Central,1,1,0,1,0,0,1,0,1,0,0,0,0,0,0,0,0,0,0,0,1,0,0,1,0,1,0,0,5.396759001860069,17.538090710250845,12.141331708174487,True,False,True
Alamain (Latin District),1,1,0,0,1,0,1,0,0,1,1,0,0,1,0,0,0,0,0,0,0,1,0,0,0,0,0,0,5.316599230226049,15.800504048100397,10.48390481888987,False,False,False
New Garden City,1,1,0,0,0,0,0,0,0,1,0,0,1,0,0,0,0,0,0,1,0,0,0,0,0,0,0,0,5.19295685089021,15.800916107717516,10.607959257925904,False,False,False
Maspero mall,1,1,0,0,1,0,0,1,1,0,0,0,0,0,0,0,0,0,0,0,0,0,0,1,0,0,0,1,4.804021044733257,16.685509526052503,11.88148848152336,False,False,False
Latin City,0,1,0,0,1,0,1,0,0,0,1,0,1,0,0,1,0,0,0,0,0,1,0,0,0,0,0,0,5.147494476813453,15.976532086636531,10.829037610237826,False,False,False
Alamain (Latin District),1,1,0,0,1,0,0,0,0,1,1,0,1,0,0,0,0,0,0,0,0,1,0,0,0,0,0,0,4.90527477843843,15.230878166569871,10.325603388010023,False,False,False
Latin City,1,1,0,0,1,0,0,1,1,0,0,0,1,0,0,0,0,0,0,0,0,1,0,0,0,0,0,0,4.969813299576001,15.86668121767708,10.89686791727814,False,False,False
Latin City,0,1,0,0,1,0,1,0,0,0,1,0,1,0,0,1,0,0,0,0,0,1,0,0,0,0,0,0,4.836281906951478,15.626745803692986,10.79046389765684,False,False,False
Mazarine Apartment,1,1,0,0,0,0,0,0,1,1,1,0,0,1,0,0,0,1,0,0,0,0,0,0,0,0,0,0,5.529429087511423,16.29941670741869,10.769987620507868,False,False,False
Downtown Extension,1,1,0,1,1,0,0,0,1,1,1,0,1,0,0,0,0,1,0,0,0,1,0,0,0,0,0,0,5.153291594497779,15.935253958917478,10.781962365032015,False,False,False
Central,1,1,0,1,0,0,1,0,1,0,0,0,0,0,0,0,0,0,0,0,1,0,0,1,0,1,0,0,5.173434184401347,17.201831160395997,12.02839697606922,False,False,False
PODIA,0,1,1,0,1,0,0,0,0,1,0,0,0,0,0,0,0,0,0,0,0,0,0,1,0,0,0,1,4.204692619390966,16.914701539886494,12.710008920436918,True,False,False
Central,1,1,0,1,0,0,1,0,1,0,0,0,0,0,0,0,0,0,0,0,1,0,0,1,0,1,0,0,5.377729105972199,17.537631345858014,12.15990223986983,True,False,True
Mazarine Apartment,1,1,0,1,1,0,1,0,1,1,1,0,0,1,0,0,0,0,0,0,0,1,0,0,0,0,0,0,5.327876168789581,15.788618888849491,10.460742719253572,False,False,False
Zahya,1,1,0,1,0,0,0,0,1,0,0,0,0,1,0,0,0,0,1,0,0,0,0,0,1,0,0,0,6.016157159698354,16.1828528981736,10.166695737725409,False,False,False
Alamain (Latin District),1,1,0,0,1,0,0,0,0,1,1,0,0,1,0,0,0,0,0,0,0,1,0,0,0,0,0,0,5.16043365918465,15.995362885576023,10.834929227024498,False,False,False
New Garden City,1,1,0,0,0,0,0,0,0,1,0,0,1,0,0,0,0,0,0,1,0,0,0,0,0,0,0,0,4.844187086458591,15.76797063788332,10.923783552134353,False,False,False
Zahya,1,1,0,1,0,0,0,0,1,0,0,0,0,1,0,0,0,0,1,0,0,0,0,0,1,0,0,0,6.163314804034641,16.47444054043507,10.311125737800891,False,False,False
Alamain (Latin District),1,1,0,0,1,0,0,0,0,1,1,0,0,1,0,0,0,0,0,0,0,1,0,0,0,0,0,0,5.288822431986235,15.614411135343696,10.325588704439372,False,False,False
Downtown Extension,1,1,0,1,0,1,0,0,0,0,0,0,1,0,0,0,1,0,0,0,0,0,0,0,0,0,0,0,5.198497031265826,15.746016961867788,10.547519929862082,False,False,False
Latin City,0,1,0,0,1,0,1,0,0,0,1,0,1,0,0,1,0,0,0,0,0,1,0,0,0,0,0,0,4.890349128221754,15.874366666035002,10.984017537302847,False,False,False
New Garden City,1,1,0,0,0,0,1,0,0,1,0,0,1,0,0,0,0,0,0,1,0,0,0,0,0,0,0,0,4.90527477843843,15.608602472426108,10.703327693904455,False,False,False
Beachfront Tower - B1,0,0,0,0,1,1,0,0,1,1,1,0,0,1,0,0,0,1,0,0,0,0,0,0,0,0,0,0,5.986452005284438,18.012366581139453,12.025914575909168,False,False,True
PODIA,0,1,1,0,1,1,0,0,0,1,0,0,0,0,0,0,0,0,0,0,0,0,0,1,0,1,0,0,4.276666119016055,16.103895301557177,11.8272291828657,False,False,False
Downtown,1,1,0,1,0,1,0,0,0,0,0,0,0,0,1,0,0,1,0,0,0,0,0,0,0,0,0,0,5.7745515455444085,16.23650071533694,10.461949168957496,False,False,False
Mazarine Apartment,1,1,0,0,0,0,1,0,1,1,1,0,0,1,0,0,0,1,0,0,0,0,0,0,0,0,0,0,5.521460917862246,16.432322278632213,10.910861360769967,False,False,False
Mazarine Apartment,1,1,0,0,0,0,1,0,1,1,1,0,0,1,0,0,0,1,0,0,0,0,0,0,0,0,0,0,5.529429087511423,16.386977093946385,10.85754800692407,False,False,False
Mazarine Apartment,1,1,0,1,1,0,1,0,1,1,1,0,0,1,0,0,0,1,0,0,0,1,0,0,0,0,0,0,5.564213846927896,16.64854741585949,11.084333568379025,False,False,False
Alamain (Latin District),1,1,0,0,1,0,1,0,0,1,1,0,0,0,1,0,0,0,0,0,0,1,0,0,0,0,0,0,5.444277451991571,15.779400946484008,10.33512349394901,False,False,False
Mazarine Apartment,0,1,0,1,1,0,0,0,1,1,1,0,0,1,0,0,0,1,0,0,0,1,0,0,0,0,0,0,5.529429087511423,16.44531088774543,10.915881800349352,False,False,False
Zahya,1,1,0,1,0,0,0,0,1,0,0,0,0,0,1,1,0,0,1,0,0,0,0,0,1,0,0,0,5.977619140285929,16.214768538218582,10.237149397274456,False,False,False
Alamain (Latin District),1,1,0,0,1,0,1,0,0,1,1,0,0,0,1,0,0,0,0,0,0,1,0,0,0,0,0,0,5.473236593575229,16.31776584608689,10.844529252371116,False,False,False
Mazarine Apartment,1,1,0,0,0,0,0,0,1,1,1,0,0,1,0,0,0,1,0,0,0,0,0,0,0,0,0,0,5.552959584921617,16.45471073451928,10.901751149054885,False,False,False
Al Fustat,1,1,0,1,0,0,1,1,1,0,1,0,0,0,0,0,0,0,0,0,0,0,1,0,0,0,0,0,5.112951179567857,15.305263627452394,10.192312449215466,False,False,False
BEGONIA,0,1,0,0,1,0,1,1,0,1,0,0,1,0,0,0,1,0,0,0,1,0,0,0,0,0,0,0,4.804021044733257,15.802562650350763,10.998541604849752,False,False,False
Zahya,1,1,0,1,0,0,0,0,1,0,0,0,0,1,0,0,0,0,1,0,0,0,0,0,0,0,1,0,6.756932389247553,16.895492063963164,10.138559674715612,False,True,False
Latin City,0,1,0,1,1,0,1,0,1,1,1,0,0,1,0,0,0,1,0,0,0,1,0,0,0,0,0,0,5.529429087511423,16.435166608303888,10.905737520093318,False,False,False
Jade Park,1,0,1,1,0,1,0,0,1,0,0,0,0,0,1,0,1,0,0,1,0,0,0,0,0,0,0,0,6.897704943128636,17.325053994124623,10.427349051863391,False,True,False
Latin City,1,0,1,1,0,0,1,0,0,0,1,0,1,0,0,0,0,0,0,0,0,1,0,0,0,0,0,0,4.795790545596741,15.577154403287706,10.78136385812037,False,False,False
Central,1,1,0,1,0,0,1,0,1,0,0,0,0,0,0,0,0,0,0,0,1,0,0,1,0,1,0,0,5.13308888718026,17.359653215611527,12.226564328510204,True,False,False
Mazarine Apartment,0,1,0,1,1,0,0,0,1,1,1,0,0,1,0,0,0,1,0,0,0,1,0,0,0,0,0,0,5.491826112732555,16.360021701571895,10.868195588599882,False,False,False
Alamain (Latin District),1,1,0,0,1,0,1,0,0,1,1,0,0,1,0,0,0,0,0,0,0,1,0,0,0,0,0,0,5.310739886546594,16.155295091947426,10.844555205641702,False,False,False
Alamain (Latin District),1,1,0,0,1,0,1,1,1,0,0,0,0,0,1,0,0,0,0,0,0,1,0,0,0,0,0,0,5.440467758652715,15.822918896744278,10.382451136854998,False,False,False
Mazarine Apartment,1,1,0,0,0,0,1,0,1,1,1,0,0,1,0,0,0,1,0,0,0,0,0,0,0,0,0,0,5.529429087511423,16.315552095336546,10.78612300792362,False,False,False
Alamain (Latin District),1,1,0,0,1,0,1,1,1,0,0,0,1,0,0,0,0,0,0,0,0,1,0,0,0,0,0,0,5.169801944312609,15.472785799812534,10.30298385605207,False,False,False
Mamsha Avenue,1,1,0,0,1,0,1,0,1,1,0,0,0,1,0,0,0,0,0,1,0,0,0,0,0,0,0,0,5.14166355650266,15.627236039833209,10.485572482284969,False,False,False
Alamain (Latin District),1,1,0,0,1,0,1,1,1,0,0,1,0,0,0,0,0,0,0,0,0,1,0,0,0,0,0,0,4.531092982591776,15.35065586581652,10.819562883213113,False,False,False
Zahya,1,1,0,1,0,0,0,0,1,0,0,0,0,1,0,0,0,0,1,0,0,0,0,0,1,0,0,0,6.016157159698354,16.163738008837022,10.147580849425282,False,False,False
Latin City,0,1,0,0,1,0,1,0,0,0,1,0,0,0,1,0,0,0,0,0,0,1,0,0,0,0,0,0,5.459585514144159,16.328842681935978,10.869257167548826,False,False,False
Zahya,1,1,0,1,0,0,0,0,1,0,0,0,0,1,0,0,0,0,1,0,0,0,0,0,1,0,0,0,6.210600077024653,16.27424433344825,10.063644257176378,False,False,False
PODIA,0,1,1,0,1,0,0,0,0,1,0,0,0,0,0,0,0,0,0,0,0,0,0,1,0,0,0,1,4.276666119016055,16.633968515945824,12.357302397025284,True,False,False
Central,1,1,0,1,0,0,0,0,1,0,0,0,0,0,0,0,0,0,0,0,1,0,0,1,0,1,0,0,5.293556049446326,17.390072838377492,12.09651678894588,False,False,False
Mazarine Apartment,1,1,0,1,1,0,1,0,1,1,1,0,1,0,0,1,0,0,0,0,0,1,0,0,0,0,0,0,4.976733742420574,16.05045900224251,11.073725259607938,False,False,False
AlMaqsad Park,1,1,0,0,1,0,1,0,0,1,0,0,0,1,0,0,0,0,0,1,0,0,0,0,0,0,0,0,5.043425116919247,15.395107628387354,10.351682510849932,False,False,False
Jade Park,1,0,1,1,0,0,1,0,1,0,0,0,0,1,0,0,1,0,0,1,0,0,0,0,0,0,0,0,5.631211781821365,16.115793001895643,10.484581219212297,False,False,False
Alamain (Latin District),1,1,0,0,1,0,1,0,0,1,1,0,1,0,0,0,0,0,0,0,0,1,0,0,0,0,0,0,4.893427093190715,15.738152080080232,10.844724987643724,False,False,False
Latin City,1,1,0,0,1,0,0,1,1,0,0,0,0,1,0,0,0,0,0,0,0,1,0,0,0,0,0,0,5.1647859739235145,15.671183352935982,10.50639737823073,False,False,False
PODIA,0,1,1,0,1,0,0,0,0,1,0,0,0,0,0,0,0,0,0,0,0,0,0,1,0,0,0,1,3.58351893845611,16.27261769039449,12.68909875180129,True,True,False
Latin City,1,1,0,1,1,0,1,0,0,0,1,0,0,0,1,0,0,0,0,0,0,1,0,0,0,0,0,0,5.442417710521793,15.835202095238335,10.392784383999984,False,False,False
Beachfront Tower - B1,0,0,0,0,1,1,0,0,1,1,1,0,0,0,0,0,0,0,0,0,0,0,0,0,0,0,0,0,5.37989735354046,17.160596036826263,11.780698683098938,False,False,False
Alamain (Latin District),1,1,0,0,1,0,1,0,0,1,1,0,0,0,1,0,0,0,0,0,0,1,0,0,0,0,0,0,5.4752075333447845,15.564536484605428,10.08932895323838,False,False,False
Alamain (Latin District),1,1,0,0,1,0,0,0,0,1,1,0,1,0,0,0,0,0,0,0,0,1,0,0,0,0,0,0,4.945634443878841,15.790424570290176,10.844790126041644,False,False,False
New Garden City,1,1,0,0,0,0,1,0,0,1,0,0,1,0,0,0,0,0,0,1,0,0,0,0,0,0,0,0,4.948759890378168,15.616725185963084,10.667965295386798,False,False,False
Latin City,1,1,0,1,1,0,0,0,0,0,1,0,0,0,1,0,0,0,0,0,0,1,0,0,0,0,0,0,5.476463551931511,15.869249602291736,10.392786051514516,False,False,False
Zahya,1,1,0,1,0,0,0,0,1,0,0,0,0,0,1,1,0,0,1,0,0,0,0,0,1,0,0,0,6.024657514463746,16.19579715862217,10.171139642548509,False,False,False
Jade Park,1,0,1,1,0,0,1,0,1,0,0,0,0,1,0,0,1,0,0,1,0,0,0,0,0,0,0,0,5.41610040220442,15.900685631491871,10.48458522928745,False,False,False
PODIA,0,1,1,0,1,1,0,0,0,1,0,0,0,0,0,0,0,0,0,0,0,0,0,1,0,1,0,0,4.653960350157523,16.43239531131437,11.778434961083818,False,False,False
Latin City,1,1,0,0,1,0,1,1,1,0,0,0,0,0,1,0,0,0,0,0,0,1,0,0,0,0,0,0,5.472270673671475,16.01351261076588,10.541241936694716,False,False,False
AlMaqsad Park,1,1,0,0,1,0,1,0,0,1,0,0,0,1,0,0,0,0,0,1,0,0,0,0,0,0,0,0,5.043425116919247,15.404745763080856,10.361320645345282,False,False,False
VALORY,0,1,1,0,1,1,0,0,1,0,0,0,0,0,0,0,0,0,0,0,1,0,0,1,0,0,0,1,3.9318256327243257,16.52517225990124,12.593346627176912,True,True,False
Alamain (Latin District),1,1,0,0,1,0,1,0,0,1,1,0,0,0,1,0,0,0,0,0,0,1,0,0,0,0,0,0,5.477383630621318,15.614080119120878,10.13669648947059,False,False,False
Mamsha Avenue,1,1,0,0,1,0,0,0,1,1,0,0,0,1,0,0,0,0,0,1,0,0,0,0,0,0,0,0,5.123963979403259,15.58995430498264,10.465990326257693,False,False,False
Mazarine Apartment,1,1,0,0,0,0,0,0,1,1,1,0,0,1,0,0,0,1,0,0,0,0,0,0,0,0,0,0,5.529429087511423,16.223176127408827,10.693747040365537,False,False,False
Latin City,0,1,0,0,1,0,1,0,0,0,1,0,0,1,0,1,0,0,0,0,0,1,0,0,0,0,0,0,5.3230099791384085,16.210218939834125,10.887208961106117,False,False,False
Latin City,0,1,0,1,1,0,0,0,0,0,1,0,0,0,1,0,0,0,0,0,0,1,0,0,0,0,0,0,5.4510384535657,15.902175944733427,10.45113749154003,False,False,False
Downtown Extension,1,1,0,1,1,0,1,0,0,0,0,0,0,1,0,0,0,1,0,0,0,1,0,0,0,0,0,0,5.525452939131784,15.949321906709631,10.42386896893928,False,False,False
Central,1,1,0,1,0,0,1,0,1,0,0,0,0,0,0,0,0,0,0,0,1,0,0,1,0,1,0,0,4.761917491662616,16.969997183879126,12.208079692064128,True,False,False
Mamsha Avenue,1,1,0,0,1,0,1,0,1,1,0,0,0,0,1,0,0,0,0,1,0,0,0,0,0,0,0,0,5.971261839790462,16.315223715069248,10.34396187685527,False,False,False
Central,1,1,0,1,0,0,1,0,1,0,0,0,0,0,0,0,0,0,0,0,1,0,0,1,0,1,0,0,5.189060380611087,17.46920315198883,12.280142771253445,True,False,True
Latin City,0,1,0,1,1,0,0,0,0,0,1,0,0,0,1,0,0,0,0,0,0,1,0,0,0,0,0,0,5.5093883366279774,16.125666916454637,10.616278580630553,False,False,False
PODIA,0,1,1,0,1,1,0,0,0,1,0,0,0,0,0,0,0,0,0,0,0,0,0,1,0,1,0,0,4.276666119016055,16.119594527082057,11.84292840790624,False,False,False
Maspero Heights – Commercial  for Sale,1,1,0,0,1,0,0,1,1,0,0,0,0,0,0,0,0,0,0,0,0,0,0,1,0,0,0,1,6.584791392385716,18.612317116170978,12.027525723630047,False,True,True
Alamain (Latin District),1,1,0,0,1,0,0,0,0,1,1,0,0,1,0,0,0,0,0,0,0,1,0,0,0,0,0,0,5.3230099791384085,16.403951056068692,11.080941076629736,False,False,False
Mazarine Apartment,1,1,0,1,1,1,0,0,1,1,1,0,0,1,0,0,0,1,0,0,0,1,0,0,0,0,0,0,5.584623492819887,16.659081837619162,11.074458345478671,False,False,False
New Garden City,1,1,0,0,0,0,1,0,0,1,0,0,0,1,0,0,0,0,0,1,0,0,0,0,0,0,0,0,5.58724865840025,16.197184057277283,10.60993539827646,False,False,False
Central,1,1,0,1,0,0,1,0,1,0,0,0,0,0,0,0,0,0,0,0,1,0,0,1,0,1,0,0,5.036757778241827,17.33727228902653,12.30051451073119,True,False,False
Central,1,1,0,1,0,0,1,0,1,0,0,0,0,0,0,0,0,0,0,0,1,0,0,1,0,1,0,0,5.153118169055832,17.44328558767492,12.290167418487302,True,False,True
Mazarine Apartment,1,1,0,0,0,0,0,0,1,1,1,0,0,1,0,0,0,1,0,0,0,0,0,0,0,0,0,0,5.529429087511423,16.20087307741589,10.671443990898664,False,False,False
Al Fustat,1,1,0,1,0,0,1,1,1,0,1,0,0,0,0,0,0,0,0,0,0,0,1,0,0,0,0,0,5.112951179567857,15.333709989964104,10.22075881026303,False,False,False
Mazarine Apartment,1,1,0,0,0,0,1,0,1,1,1,0,0,1,0,0,0,1,0,0,0,0,0,0,0,0,0,0,5.468060141135132,16.4478309596411,10.97977081875766,False,False,False
Downtown commercial,1,1,0,0,1,0,0,0,0,0,0,0,0,0,0,0,0,0,0,0,0,0,0,1,0,0,0,1,5.204006687076795,16.743606182802456,11.53959949569356,False,False,False
Latin City,0,1,0,0,1,0,1,0,0,0,1,0,0,1,0,1,0,0,0,0,0,1,0,0,0,0,0,0,5.25227342804663,16.111272425610196,10.858998997563564,False,False,False
Central,1,1,0,1,0,0,1,0,1,0,0,0,0,0,0,0,0,0,0,0,1,0,0,1,0,1,0,0,4.754796359943904,16.955992315404462,12.201195955282406,True,False,False
Alamain (Latin District),1,1,0,0,1,0,0,1,1,0,0,1,0,0,0,0,0,0,0,0,0,1,0,0,0,0,0,0,4.531092982591776,15.25202263524478,10.720929653665843,False,False,False
New Garden City,1,1,0,0,0,0,1,0,0,1,0,0,0,1,0,0,0,0,0,1,0,0,0,0,0,0,0,0,5.659482215759621,16.304824149570482,10.645341934300363,False,False,False
Mamsha Avenue,1,1,0,0,1,0,0,0,1,1,0,0,0,1,0,0,0,0,0,1,0,0,0,0,0,0,0,0,5.170483995038151,15.648731816999923,10.478247821705937,False,False,False
New Garden City,1,1,0,0,0,0,1,0,0,1,0,0,0,1,0,0,0,0,0,1,0,0,0,0,0,0,0,0,5.594711379601839,16.20363093906458,10.608919559664708,False,False,False
Mazarine Apartment,0,1,0,1,1,0,1,0,1,1,1,0,1,0,0,0,0,1,0,0,0,1,0,0,0,0,0,0,5.32942836157309,16.407401404526198,11.077973042400208,False,False,False
New Garden City,1,1,0,0,0,0,0,0,0,1,0,1,0,0,0,0,0,0,0,1,0,0,0,0,0,0,0,0,4.532599493153256,15.243186756862936,10.710587263949543,False,False,False
Downtown commercial,1,1,0,0,1,0,0,0,0,0,0,0,0,0,0,0,0,0,0,0,0,0,0,1,0,0,0,1,5.583496308781699,17.308648813324787,11.725152504196467,False,False,False
Mazarine Apartment,1,1,0,1,1,0,0,0,1,1,1,0,0,1,0,0,0,1,0,0,0,0,0,0,0,0,0,0,5.442417710521793,16.377069559273355,10.934651848990836,False,False,False
Zahya,1,1,0,1,0,0,0,0,1,0,0,0,0,1,0,0,0,0,1,0,0,0,0,0,1,0,0,0,5.849324779946859,16.26288839585986,10.41356361445081,False,False,False
Latin City,1,1,0,0,1,0,1,1,1,0,0,0,0,1,0,0,0,0,0,0,0,1,0,0,0,0,0,0,5.365976015021851,15.954163959275956,10.58818794420698,False,False,False
Zahya,1,1,0,1,0,0,0,0,1,0,0,0,1,0,0,0,0,1,1,0,0,0,0,0,1,0,0,0,5.808142489980444,16.149303578082513,10.341161088683634,False,False,False
PODIA,0,1,1,0,1,0,0,0,0,1,0,0,0,0,0,0,0,0,0,0,0,0,0,1,0,0,0,1,4.212127597878484,16.6887926717617,12.476665073699548,True,False,False
Zahya,1,1,0,1,0,0,0,0,1,0,0,0,0,1,0,0,1,0,1,0,0,0,0,0,1,0,0,0,5.84354441703136,16.26141647040254,10.417872052981268,False,False,False
Mazarine,1,1,0,1,0,0,0,0,1,1,1,0,0,1,0,0,0,1,0,0,0,0,0,0,1,0,0,0,5.707110264748875,16.768596256796794,11.061485991333072,False,False,False
Mazarine Commercial,1,1,0,0,1,0,0,1,1,0,0,0,0,0,0,0,0,0,0,0,0,0,0,1,0,0,0,1,5.332718793265369,16.910273354981218,11.577554561693209,False,False,False
Mazarine Apartment,1,1,0,1,1,0,0,0,1,1,1,0,0,1,0,0,0,1,0,0,0,0,0,0,0,0,0,0,5.525452939131784,16.411287516583698,10.885834576899963,False,False,False
Central,1,1,0,1,0,0,0,0,1,0,0,0,0,0,0,0,0,0,0,0,1,0,0,1,0,1,0,0,5.08431936689353,17.088950322822843,12.004630956039607,False,False,False
Alamain (Latin District),1,1,0,0,1,0,1,1,1,0,0,0,1,0,0,0,0,0,0,0,0,1,0,0,0,0,0,0,5.169801944312609,15.366047362478213,10.19624541633616,False,False,False
Latin City,1,1,0,1,1,0,1,0,0,0,1,0,0,0,1,0,0,0,0,0,0,1,0,0,0,0,0,0,5.442417710521793,15.835202095238335,10.392784383999984,False,False,False
Latin City,0,1,0,1,1,0,1,0,0,0,1,0,0,1,0,0,0,0,0,0,0,1,0,0,0,0,0,0,5.327876168789581,15.806940222320897,10.479064053640515,False,False,False
PODIA,0,1,1,0,1,1,0,0,0,1,0,0,0,0,0,0,0,0,0,0,0,0,0,1,0,1,0,0,4.574710978503383,16.451133425130898,11.87642244630498,False,False,False
Maspero mall,1,1,0,0,1,0,0,1,1,0,0,0,0,0,0,0,0,0,0,0,0,0,0,1,0,0,0,1,4.820281565605037,16.770056187188015,11.949774621812228,False,False,False
Mazarine Apartment,1,1,0,1,1,0,1,0,1,1,1,0,0,1,0,0,0,1,0,0,0,1,0,0,0,0,0,0,5.438079308923196,16.368387334191542,10.930308025969062,False,False,False
Zahya,1,1,0,1,0,0,0,0,1,0,0,0,0,0,1,0,0,0,1,0,0,0,0,0,0,0,1,0,6.606650186198215,17.07245258363893,10.46580239759474,False,True,False
Alamain (Latin District),1,1,0,0,1,0,0,1,1,0,0,0,0,0,1,0,0,0,0,0,0,1,0,0,0,0,0,0,5.446478717528557,15.781503407136531,10.335024688882967,False,False,False
Mazarine Apartment,1,1,0,1,1,0,1,0,1,1,1,0,0,1,0,0,0,1,0,0,0,1,0,0,0,0,0,0,5.442417710521793,16.34387572359366,10.901458013893697,False,False,False
Downtown Extension,1,1,0,1,1,1,0,0,1,1,1,0,1,0,0,0,0,1,0,0,0,1,0,0,0,0,0,0,5.153291594497779,15.935253958917478,10.781962365032015,False,False,False
AlMaqsad Park,1,1,0,0,1,0,0,0,0,1,0,0,0,1,0,0,0,0,0,1,0,0,0,0,0,0,0,0,4.897839799950911,15.258893886068291,10.361054085739577,False,False,False
Jade Park,1,0,1,1,0,0,1,0,1,0,0,0,0,0,1,0,1,0,0,1,0,0,0,0,0,0,0,0,5.940171252720432,16.51088070590911,10.570709453458749,False,False,False
Mazarine Apartment,0,1,0,1,1,0,1,0,0,0,1,0,0,1,0,0,0,0,0,0,0,1,0,0,0,0,0,0,5.525452939131784,16.48696592859693,10.96151298917471,False,False,False
Alamain (Latin District),1,1,0,0,1,0,0,0,0,1,1,0,1,0,0,0,0,0,0,0,0,1,0,0,0,0,0,0,4.88891953541216,15.724015487716718,10.835095951644911,False,False,False
Zahya,1,1,0,1,0,0,0,0,1,0,0,0,0,1,0,0,0,0,1,0,0,0,0,0,1,0,0,0,6.222576268071369,16.24719222429273,10.024615955096383,False,False,False
Alamain (Latin District),1,1,0,0,1,0,1,0,0,1,1,0,0,0,1,0,0,0,0,0,0,1,0,0,0,0,0,0,5.463196009730271,16.307723782934712,10.84452777343194,False,False,False
Downtown Extension,1,1,0,1,1,0,1,0,0,0,0,0,1,0,0,0,0,1,0,0,0,1,0,0,0,0,0,0,5.153291594497779,15.953810456650464,10.800518862671248,False,False,False
Downtown Extension,1,1,0,1,1,0,0,0,1,1,1,0,1,0,0,0,0,1,0,0,0,1,0,0,0,0,0,0,5.152944713532285,15.967389033533616,10.814444320081789,False,False,False
Beachfront Tower - B1,0,0,0,0,1,1,0,0,1,1,1,0,0,1,0,0,0,1,0,0,0,0,0,0,0,0,0,0,5.762051382780177,17.655220901780794,11.89316951870392,False,False,True
Latin City,0,1,0,0,1,0,0,0,0,0,1,0,0,1,0,1,0,0,0,0,0,1,0,0,0,0,0,0,5.332718793265369,16.17163641788635,10.838917625113872,False,False,False
Alamain (Latin District),1,1,0,0,1,0,0,0,0,1,1,0,0,0,1,0,0,0,0,0,0,1,0,0,0,0,0,0,5.468777183576803,15.942789429058273,10.474012244278654,False,False,False
Mazarine Apartment,1,1,0,0,0,0,0,0,1,1,1,0,0,1,0,0,0,1,0,0,0,0,0,0,0,0,0,0,5.529429087511423,16.167647429787568,10.638218342314213,False,False,False
Latin City,0,1,0,1,1,0,0,0,0,0,1,0,0,0,1,0,0,0,0,0,0,1,0,0,0,0,0,0,5.513428746164983,16.209762839484142,10.696334093611132,False,False,False
Mazarine Apartment,1,1,0,0,0,0,1,0,1,1,1,0,0,1,0,0,0,1,0,0,0,0,0,0,0,0,0,0,5.529429087511423,16.357663580686673,10.828234493678908,False,False,False
AlMaqsad Park,1,1,0,0,1,0,0,0,0,1,0,0,0,1,0,0,0,0,0,1,0,0,0,0,0,0,0,0,5.049856007249537,15.429736987130171,10.3798809797214,False,False,False
Mazarine Apartment,0,1,0,1,1,0,1,0,1,1,1,0,0,1,0,0,0,1,0,0,0,1,0,0,0,0,0,0,5.436599954348043,17.054424276568984,11.61782432248033,False,False,False
Mazarine Apartment,1,1,0,0,0,0,0,0,1,1,1,0,0,1,0,0,0,1,0,0,0,0,0,0,0,0,0,0,5.529429087511423,16.43093364329122,10.901504555633522,False,False,False
Beachfront Tower - B1,0,0,0,0,1,1,0,0,1,1,1,0,0,1,0,0,0,1,0,0,0,0,0,0,0,0,0,0,5.986452005284438,17.798085219343363,11.811633214140931,False,False,True
Alamain (Latin District),1,1,0,0,1,0,1,1,1,0,0,0,1,0,0,0,0,0,0,0,0,1,0,0,0,0,0,0,4.934330037886181,15.858677043779398,10.92434700588181,False,False,False
Latin City,0,1,0,1,1,0,1,0,0,0,1,0,1,0,0,0,0,0,0,0,0,1,0,0,0,0,0,0,4.934473933130692,15.587747360703466,10.653273428711454,False,False,False
Latin City,0,1,0,0,1,0,1,0,0,0,1,0,0,0,1,1,0,0,0,0,0,1,0,0,0,0,0,0,5.501258210544727,16.369321186399485,10.868062976088114,False,False,False
Blu Vert,1,1,0,0,1,0,0,1,0,0,0,1,0,0,0,0,0,0,0,1,0,0,0,0,1,0,0,0,5.41164605185504,16.913799419843357,11.502153367699508,False,False,False
Latin City,0,0,0,0,1,0,1,0,0,0,1,0,1,0,0,0,0,0,0,0,0,1,0,0,0,0,0,0,4.90527477843843,15.898196829809,10.992922052180438,False,False,False
Central,1,1,0,1,0,0,1,0,1,0,0,0,0,0,0,0,0,0,0,0,1,0,0,1,0,1,0,0,4.797359561980396,17.056617431673796,12.259257869639493,True,False,False
Latin City,0,1,0,1,1,0,0,0,0,0,1,0,0,1,0,0,0,0,0,0,0,1,0,0,0,0,0,0,5.198497031265826,16.14083513792781,10.942338106368728,False,False,False
Latin City,0,1,0,1,1,0,0,0,0,0,1,0,0,1,0,0,0,0,0,0,0,1,0,0,0,0,0,0,5.332718793265369,15.87729716440539,10.54457837133086,False,False,False
Alamain (Latin District),1,1,0,0,1,0,0,1,1,0,0,0,0,1,0,0,0,0,0,0,0,1,0,0,0,0,0,0,5.078480840991323,14.66864847483316,9.590167634568724,False,False,True
Latin City,0,1,0,0,1,0,1,0,0,0,1,0,1,0,0,1,0,0,0,0,0,1,0,0,0,0,0,0,4.897839799950911,15.890818568362503,10.992978768737938,False,False,False
Zahya,1,1,0,1,0,0,0,0,1,0,0,0,0,1,0,0,0,0,1,0,0,0,0,0,1,0,0,0,6.016157159698354,16.215766678131764,10.199609517435771,False,False,False
PODIA,0,1,1,0,1,0,0,0,0,1,0,0,0,0,0,0,0,0,0,0,0,0,0,1,0,0,0,1,3.6635616461296463,16.822825492761332,13.15926384664157,True,True,False
PODIA,0,1,1,0,1,0,0,0,0,1,0,0,0,0,0,0,0,0,0,0,0,0,0,1,0,0,0,1,4.051784947803305,16.87435846583234,12.822573517970358,True,True,False
Mazarine Apartment,1,1,0,1,1,0,1,0,1,1,1,0,0,1,0,0,0,1,0,0,0,1,0,0,0,0,0,0,5.53153005353903,16.701483767525527,11.16995371338798,False,False,False
Alamain (Latin District),1,1,0,0,1,0,0,1,1,0,0,0,0,0,0,0,0,0,0,0,0,1,0,0,0,0,0,0,4.7066431549187255,14.324133758175064,9.617490606128255,False,False,True
Jade Park,1,0,1,1,0,0,1,0,1,0,0,0,1,0,0,0,1,0,0,1,0,0,0,0,0,0,0,0,5.204006687076795,15.774618940184224,10.57061225381235,False,False,False
Alamain (Latin District),1,1,0,0,1,0,1,0,0,1,1,0,0,0,1,0,0,0,0,0,0,1,0,0,0,0,0,0,5.423803986589452,15.51314248113429,10.0893384945496,False,False,False
Alamain (Latin District),1,1,0,0,1,0,1,1,1,0,0,0,0,1,0,0,0,0,0,0,0,1,0,0,0,0,0,0,5.299566585948469,15.66333525112528,10.363768664664676,False,False,False
Jade Park,1,0,1,1,0,0,1,0,1,0,0,0,0,1,0,0,1,0,0,1,0,0,0,0,0,0,0,0,5.384495062789089,15.869121339609588,10.484626277102697,False,False,False
Alamain (Latin District),1,1,0,0,1,0,0,0,0,1,1,0,0,0,1,0,0,0,0,0,0,1,0,0,0,0,0,0,5.351478914662269,15.431129329473457,10.079650416789322,False,False,False
Maspero mall,1,1,0,0,1,0,0,1,1,0,0,0,0,0,0,0,0,0,0,0,0,0,0,1,0,0,0,1,4.820281565605037,16.70577119857603,11.885489633037668,False,False,False
Mazarine,1,1,0,1,0,0,0,0,1,1,1,0,0,1,0,0,0,1,0,0,0,0,0,0,1,0,0,0,5.707110264748875,16.72027819614417,11.013167931619815,False,False,False
Downtown Extension,1,1,0,1,0,0,1,0,0,0,0,0,0,1,0,0,0,1,0,0,0,0,0,0,0,0,0,0,5.272999558563747,15.879838461834062,10.606838903016508,False,False,False
VALORY,0,1,1,0,1,1,0,0,1,0,0,0,0,0,0,0,0,0,0,0,1,0,0,1,0,0,0,1,3.7954891891721942,16.660969093297965,12.865479904024085,True,True,False
Alamain (Latin District),1,1,0,0,1,0,1,0,0,1,1,0,0,1,0,0,0,0,0,0,0,1,0,0,0,0,0,0,5.351289251314142,15.834936667234125,10.483647415516478,False,False,False
PODIA,0,1,1,0,1,1,0,0,0,1,0,0,0,0,0,0,0,0,0,0,0,0,0,1,0,1,0,0,4.290459441148391,16.177778653119493,11.88731921194284,False,False,False
Alamain (Latin District),1,1,0,0,1,0,0,0,0,1,1,0,0,0,1,0,0,0,0,0,0,1,0,0,0,0,0,0,5.4752075333447845,15.564536484605428,10.08932895323838,False,False,False
Latin City,1,1,0,0,1,0,0,1,1,0,0,0,0,1,0,0,0,0,0,0,0,1,0,0,0,0,0,0,5.332718793265369,16.091956993348624,10.759238199395512,False,False,False
Alamain (Latin District),1,1,0,0,1,0,1,1,1,0,0,0,1,0,0,0,0,0,0,0,0,1,0,0,0,0,0,0,4.9139775400548205,15.617385360933422,10.703407821103648,False,False,False
PODIA,0,1,1,0,1,1,0,0,0,1,0,0,0,0,0,0,0,0,0,0,0,0,0,1,0,1,0,0,4.290459441148391,16.11769557093698,11.827236129428444,False,False,False
PODIA,0,1,1,0,1,1,0,0,0,1,0,0,0,0,0,0,0,0,0,0,0,0,0,1,0,1,0,0,4.804021044733257,16.642528278130527,11.838507233705052,False,False,False
Central,1,1,0,1,0,0,0,0,1,0,0,0,0,0,0,0,0,0,0,0,1,0,0,1,0,1,0,0,4.94121375931775,17.14939223234156,12.208178473217844,True,False,False
Jade Park,1,0,1,1,0,0,1,0,1,0,0,0,0,0,1,0,1,0,0,1,0,0,0,0,0,0,0,0,5.814130531825066,16.29866567471347,10.484535144140594,False,False,False
New Garden City,1,1,0,0,0,0,1,0,0,1,0,0,1,0,0,0,0,0,0,1,0,0,0,0,0,0,0,0,4.948759890378168,15.616725185963084,10.667965295386798,False,False,False
Alamain (Latin District),1,1,0,0,1,0,0,1,1,0,0,1,0,0,0,0,0,0,0,0,0,1,0,0,0,0,0,0,4.531092982591776,14.639686000930624,10.108593019392355,False,False,True
New Garden City,1,1,0,0,0,0,1,0,0,1,0,0,0,1,0,0,0,0,0,1,0,0,0,0,0,0,0,0,5.5909869805108565,16.187061855423043,10.59607487390416,False,False,False
Zahya,1,1,0,1,0,0,0,0,1,0,0,0,0,1,0,0,0,0,1,0,0,0,0,0,1,0,0,0,6.210600077024653,16.265480637871377,10.054880560622356,False,False,False
Marina 8 By The Lake,1,1,0,1,0,0,1,1,0,1,0,0,0,0,0,0,0,0,0,0,0,1,0,0,0,0,0,0,4.667769327744611,15.23475601922385,10.566986691372804,False,False,False
Latin City,0,1,0,0,1,0,0,0,0,0,1,0,1,0,0,1,0,0,0,0,0,1,0,0,0,0,0,0,4.897839799950911,15.781783401538473,10.883943600915668,False,False,False
Jade Park,1,0,1,1,0,0,1,0,1,0,0,0,0,0,1,0,1,0,0,1,0,0,0,0,0,0,0,0,5.5053315359323625,16.009619174622237,10.504287638266334,False,False,False
Alamain (Latin District),1,1,0,0,1,0,0,0,0,1,1,0,0,1,0,0,0,0,0,0,0,1,0,0,0,0,0,0,5.321545492667243,16.20418159987145,10.88263610771618,False,False,False
Mazarine Apartment,1,1,0,1,1,0,1,0,1,1,1,0,0,1,0,0,0,1,0,0,0,1,0,0,0,0,0,0,5.5671988095361,17.055991306584858,11.488792497349394,False,False,False
Latin City,1,1,0,1,1,0,1,0,0,0,1,0,0,1,0,0,0,0,0,0,0,1,0,0,0,0,0,0,5.337538079701318,15.730666905336252,10.393128826106356,False,False,False
Al Fustat,1,1,0,1,0,0,1,1,1,0,1,0,0,0,0,0,0,0,0,0,0,0,1,0,0,0,0,0,5.112951179567857,15.338518742399987,10.22556756256872,False,False,False
Mazarine Apartment,0,1,0,1,1,0,1,0,1,1,1,0,1,0,0,1,0,0,0,0,0,1,0,0,0,0,0,0,4.941642422609304,15.99287250620424,11.051230084048298,False,False,False
New Garden City,1,1,0,0,0,0,1,0,0,1,0,1,0,0,0,0,0,0,0,1,0,0,0,0,0,0,0,0,4.48863636973214,15.207538450931926,10.718902081398642,False,False,False
Alamain (Latin District),1,1,0,0,1,0,1,1,1,0,0,1,0,0,0,0,0,0,0,0,0,1,0,0,0,0,0,0,4.531092982591776,14.776009544502749,10.24491656260443,False,False,False
Mazarine Apartment,0,1,0,1,1,0,1,0,1,1,1,0,0,1,0,0,0,1,0,0,0,1,0,0,0,0,0,0,5.5093883366279774,16.42019824607133,10.910809909694702,False,False,False
New Garden City,1,1,0,0,0,0,0,0,0,1,0,0,1,0,0,0,0,0,0,1,0,0,0,0,0,0,0,0,5.209486152841421,15.882626449953474,10.673140297833388,False,False,False
Alamain (Latin District),1,1,0,0,1,0,0,0,0,1,1,0,0,0,1,0,0,0,0,0,0,1,0,0,0,0,0,0,5.464763574183701,15.59215638938228,10.127392813675735,False,False,False
Beachfront Tower - B1,0,0,0,0,1,1,0,0,1,1,1,0,1,0,0,0,0,1,0,0,0,0,0,0,0,0,0,0,5.44673737166631,17.32672758466498,11.879990212783673,False,False,False
Alamain (Latin District),1,1,0,0,1,0,0,0,0,1,1,0,1,0,0,0,0,0,0,0,0,1,0,0,0,0,0,0,5.152655554116684,16.035257372649315,10.882601817671468,False,False,False
PODIA,0,1,1,0,1,0,0,0,0,1,0,0,0,0,0,0,0,0,0,0,0,0,0,1,0,0,0,1,3.828641396489095,16.282592622839722,12.45395122648636,True,True,False
Latin City,0,1,0,0,1,0,1,0,0,0,1,0,0,1,0,1,0,0,0,0,0,1,0,0,0,0,0,0,5.3706380281276624,16.276551336650293,10.905913308181246,False,False,False
Latin City,0,1,0,0,1,0,1,0,0,0,1,0,1,0,0,1,0,0,0,0,0,1,0,0,0,0,0,0,5.313205979041787,16.0348227317645,10.721616753766076,False,False,False
Latin City,0,1,0,1,1,0,0,0,0,0,1,0,0,0,1,0,0,0,0,0,0,1,0,0,0,0,0,0,5.4510384535657,15.920985276690926,10.46994682177338,False,False,False
PODIA,0,1,1,0,1,0,0,0,0,1,0,0,0,0,0,0,0,0,0,0,0,0,0,1,0,0,0,1,3.5263605246161616,16.091546315724784,12.565185791088084,True,True,False
Alamain (Latin District),1,1,0,0,1,0,1,0,0,1,1,0,1,0,0,0,0,0,0,0,0,1,0,0,0,0,0,0,4.907124917726591,15.742092252999774,10.834967334526752,False,False,False
Alamain (Latin District),1,1,0,0,1,1,0,0,0,1,1,0,1,0,0,0,0,0,0,0,0,1,0,0,0,0,0,0,5.083017969256876,15.557379257578864,10.474361288439368,False,False,False
Zahya,1,1,0,1,0,0,0,0,1,0,0,0,0,1,0,0,0,0,1,0,0,0,0,0,1,0,0,0,6.016157159698354,16.212678293444267,10.196521133836889,False,False,False
Central,1,1,0,1,0,0,1,0,1,0,0,0,0,0,0,0,0,0,0,0,1,0,0,1,0,1,0,0,5.173434184401347,17.27106985431244,12.097635669639974,False,False,False
AlMaqsad Park,1,1,0,0,1,0,1,0,0,1,0,0,0,1,0,0,0,0,0,1,0,0,0,0,0,0,0,0,5.043425116919247,15.404745763080856,10.361320645345282,False,False,False
Latin City,0,1,0,1,1,0,0,0,0,0,1,0,1,0,0,0,0,0,0,0,0,1,0,0,0,0,0,0,4.941642422609304,15.884143900927508,10.942501477812767,False,False,False
Alamain (Latin District),1,1,0,0,1,0,1,0,0,1,1,0,0,1,0,0,0,0,0,0,0,1,0,0,0,0,0,0,5.3230099791384085,16.41203311757261,11.089023138620531,False,False,False
Alamain (Latin District),1,1,0,0,1,0,1,1,1,0,0,1,0,0,0,0,0,0,0,0,0,1,0,0,0,0,0,0,4.531092982591776,15.59957382055786,11.068480837379251,False,False,False
Zahya,1,1,0,1,0,0,0,0,1,0,0,0,0,1,0,0,0,0,1,0,0,0,0,0,1,0,0,0,5.971261839790462,16.040674503989734,10.069412665150107,False,False,False
Mazarine Apartment,0,1,0,1,1,0,1,0,1,1,1,0,0,1,0,0,0,1,0,0,0,1,0,0,0,0,0,0,5.467806944526613,16.3773782488884,10.909571303543734,False,False,False
PODIA,0,1,1,0,1,1,0,0,0,1,0,0,0,0,0,0,0,0,0,0,0,0,0,1,0,1,0,0,4.532599493153256,16.375370060988676,11.842770567711714,False,False,False
Mazarine Apartment,0,1,0,1,1,1,0,0,1,1,1,0,0,1,0,0,0,1,0,0,0,1,0,0,0,0,0,0,5.459159891664867,16.311851585377937,10.852691694434773,False,False,False
Alamain (Latin District),1,1,0,0,1,0,1,0,0,1,1,0,0,1,0,0,0,0,0,0,0,1,0,0,0,0,0,0,5.363777338019823,16.20830191884447,10.84452458141328,False,False,False
Mazarine Apartment,0,1,0,1,1,0,1,0,1,1,1,0,0,1,0,0,0,1,0,0,0,1,0,0,0,0,0,0,5.552959584921617,16.46699040757809,10.914030823291393,False,False,False
Zahya,1,1,0,1,0,0,0,0,1,0,0,0,0,1,0,0,0,0,1,0,0,0,0,0,1,0,0,0,5.899897353582492,16.145808089524856,10.245910736380065,False,False,False
Central,1,1,0,1,0,0,1,0,1,0,0,0,0,0,0,0,0,0,0,0,1,0,0,1,0,1,0,0,5.443023587547295,17.774245378814378,12.331221791327396,True,False,True
AlMaqsad Park,1,1,0,0,1,0,0,0,0,1,0,0,0,1,0,0,0,0,0,1,0,0,0,0,0,0,0,0,5.0238805208462765,15.356455473953076,10.332574954306198,False,False,False
Alamain (Latin District),1,1,0,0,1,0,0,1,1,0,0,1,0,0,0,0,0,0,0,0,0,1,0,0,0,0,0,0,4.531092982591776,15.549464345095942,11.01837136239186,False,False,False
Latin City,0,1,0,0,1,0,0,0,0,0,1,0,1,0,0,1,0,0,0,0,0,1,0,0,0,0,0,0,4.836281906951478,15.617715285053867,10.781433377706549,False,False,False
Alamain (Latin District),1,1,0,0,1,0,1,0,0,1,1,0,0,0,1,0,0,0,0,0,0,1,0,0,0,0,0,0,5.448933234855163,16.34083912225119,10.891905887355293,False,False,False
Latin City,0,1,0,1,1,0,0,0,0,0,1,0,0,1,0,0,0,0,0,0,0,1,0,0,0,0,0,0,5.332718793265369,16.191067263414144,10.85834847063218,False,False,False
Zahya,1,1,0,1,0,0,0,0,1,0,0,0,0,1,0,0,0,0,1,0,0,0,0,0,1,0,0,0,6.222576268071369,16.36893218728928,10.146355920276193,False,False,False
Mazarine Apartment,1,1,0,1,1,0,1,0,1,1,1,0,0,1,0,0,0,1,0,0,0,0,0,0,0,0,0,0,5.442417710521793,16.099320495631986,10.656902785466826,False,False,False
New Garden City,1,1,0,0,0,0,1,0,0,1,0,0,1,0,0,0,0,0,0,1,0,0,0,0,0,0,0,0,5.123963979403259,15.81292826416552,10.688964284328067,False,False,False
Jade Park,1,0,1,1,0,1,0,0,1,0,0,0,0,1,0,0,1,0,0,1,0,0,0,0,0,0,0,0,5.771441123130016,16.295237147710733,10.523796025853962,False,False,False
Latin City,0,1,0,1,1,0,0,0,0,0,1,0,0,1,0,0,0,0,0,0,0,1,0,0,0,0,0,0,5.365976015021851,16.28106447923646,10.915088464214609,False,False,False
Latin City,1,1,0,1,1,0,1,0,0,0,1,0,0,1,0,0,0,0,0,0,0,1,0,0,0,0,0,0,5.267858159063328,15.728602312359854,10.460744154064168,False,False,False
Mazarine Apartment,1,1,0,0,0,0,0,0,1,1,1,0,0,1,0,0,0,1,0,0,0,0,0,0,0,0,0,0,5.529429087511423,16.18780826336962,10.658379174739002,False,False,False
Latin City,0,1,0,1,1,0,0,0,0,0,1,0,1,0,0,0,0,0,0,0,0,1,0,0,0,0,0,0,4.90527477843843,15.898196829809,10.992922052180438,False,False,False
Alamain (Latin District),1,1,0,0,1,0,1,1,1,0,0,0,0,0,1,0,0,0,0,0,0,1,0,0,0,0,0,0,5.47788513514537,15.822515806379398,10.344630669928828,False,False,False
Latin City,0,1,0,1,1,0,1,0,0,0,1,0,0,1,0,0,0,0,0,0,0,1,0,0,0,0,0,0,5.170483995038151,16.112882083905433,10.942398089349789,False,False,False
Latin City,0,1,0,0,1,0,0,0,0,0,1,0,0,1,0,1,0,0,0,0,0,1,0,0,0,0,0,0,5.356586274672012,16.253150881951186,10.896564606580238,False,False,False
Mazarine Apartment,1,1,0,0,0,0,1,0,1,1,1,0,0,1,0,0,0,1,0,0,0,0,0,0,0,0,0,0,5.529429087511423,16.385600525971284,10.856171438398636,False,False,False
Alamain (Latin District),1,1,0,0,1,0,1,0,0,1,1,0,0,1,0,0,0,0,0,0,0,1,0,0,0,0,0,0,5.310739886546594,16.155295091947426,10.844555205641702,False,False,False
PODIA,0,1,1,0,1,1,0,0,0,1,0,0,0,0,0,0,0,0,0,0,0,0,0,1,0,1,0,0,4.532599493153256,16.358135649932258,11.825536156550893,False,False,False
Jade Park,1,0,1,1,0,0,0,0,1,0,0,0,0,0,1,0,1,0,0,1,0,0,0,0,0,0,0,0,5.950642552587727,16.521358335511284,10.570715782923555,False,False,False
Central,1,1,0,1,0,0,0,0,1,0,0,0,0,0,0,0,0,0,0,0,1,0,0,1,0,1,0,0,4.926021041706347,17.248077399372487,12.322056357596557,True,False,False
Alamain (Latin District),1,1,0,0,1,0,1,0,0,1,1,0,0,0,1,0,0,0,0,0,0,1,0,0,0,0,0,0,5.464763574183701,15.7900081638715,10.3252445901626,False,False,False
Mazarine Apartment,0,1,0,1,1,0,1,0,1,1,1,0,1,0,0,1,0,0,0,0,0,1,0,0,0,0,0,0,4.976733742420574,16.022245325301487,11.045511583431209,False,False,False
Central,1,1,0,1,0,0,1,0,1,0,0,0,0,0,0,0,0,0,0,0,1,0,0,1,0,1,0,0,5.51217796426333,17.80223278929262,12.290054825130555,True,False,True
Latin City,1,1,0,1,1,0,1,0,0,0,1,0,0,0,1,0,0,0,0,0,0,1,0,0,0,0,0,0,5.44673737166631,15.839571516291304,10.392834144624995,False,False,False
Jade Park,1,0,1,1,0,0,0,0,1,0,0,0,0,1,0,0,1,0,0,1,0,0,0,0,0,0,0,0,5.393627546352362,15.9460016143198,10.552374067492323,False,False,False
Alamain (Latin District),1,1,0,0,1,0,0,1,1,0,0,1,0,0,0,0,0,0,0,0,0,1,0,0,0,0,0,0,4.531092982591776,14.931307671386485,10.400214688028,False,False,False
PODIA,0,1,1,0,1,1,0,0,0,1,0,0,0,0,0,0,0,0,0,0,0,0,0,1,0,1,0,0,4.290459441148391,16.186128061350146,11.89566862029518,False,False,False
Mazarine Apartment,1,1,0,1,1,0,1,0,1,1,1,0,0,1,0,0,0,1,0,0,0,1,0,0,0,0,0,0,5.442417710521793,16.303661937917163,10.861244227071422,False,False,False
Latin City,1,1,0,0,1,0,0,1,1,0,0,0,0,1,0,0,0,0,0,0,0,1,0,0,0,0,0,0,5.332718793265369,15.862687139056836,10.529968346992083,False,False,False
Alamain (Latin District),1,1,0,0,1,0,0,0,0,1,1,0,1,0,0,0,0,0,0,0,0,1,0,0,0,0,0,0,4.893427093190715,15.72845467819704,10.83502758455778,False,False,False
Mazarine Apartment,1,1,0,1,1,0,1,0,1,1,1,0,0,1,0,0,0,1,0,0,0,1,0,0,0,0,0,0,5.455107417312226,17.040765989796515,11.58565857264506,False,False,False
Alamain (Latin District),1,1,0,0,1,0,1,0,0,1,1,0,0,1,0,0,0,0,0,0,0,1,0,0,0,0,0,0,5.312072331780373,15.59755633500469,10.28548400346481,False,False,False
New Garden City,1,1,1,0,0,0,1,0,0,1,0,0,1,0,0,0,0,0,0,1,0,0,0,0,0,0,0,0,5.111987788356544,15.764273776001994,10.65228598701867,False,False,False
AlMaqsad Park,1,1,0,0,1,0,1,0,0,1,0,0,0,1,0,0,0,0,0,1,0,0,0,0,0,0,0,0,5.049856007249537,15.39201197015211,10.342155962489178,False,False,False
Alamain (Latin District),1,1,0,0,1,0,0,1,1,0,0,0,0,1,0,0,0,0,0,0,0,1,0,0,0,0,0,0,5.180884269655941,15.506344108602368,10.325459837760588,False,False,False
Central,1,1,0,1,0,0,1,0,1,0,0,0,0,0,0,0,0,0,0,0,1,0,0,1,0,1,0,0,5.664175020061422,17.85372558863018,12.189550568619527,True,False,True
Mazarine Apartment,1,1,0,0,0,0,0,0,1,1,1,0,0,1,0,0,0,1,0,0,0,0,0,0,0,0,0,0,5.529429087511423,16.277233872296616,10.747804785262806,False,False,False
Alamain (Latin District),1,1,0,0,1,0,1,1,1,0,0,0,0,1,0,0,0,0,0,0,0,1,0,0,0,0,0,0,5.364011469743399,15.63407422994438,10.270062760233108,False,False,False
Mazarine Apartment,1,1,0,1,1,0,1,0,1,1,1,0,0,1,0,0,0,1,0,0,0,1,0,0,0,0,0,0,5.442417710521793,16.309459535736504,10.867041824834828,False,False,False
Beachfront Tower - B1,0,0,0,0,1,0,0,0,1,1,1,0,0,1,0,0,0,1,0,0,0,0,0,0,0,0,0,0,5.986452005284438,17.993460704041173,12.007008698833385,False,False,True
PODIA,0,1,1,0,1,0,1,0,0,1,0,0,0,0,0,0,0,0,0,0,0,0,0,1,0,0,1,0,4.290459441148391,16.053770440401763,11.763310999296028,False,False,False
Latin City,0,1,0,0,1,0,1,0,0,0,1,0,0,1,0,1,0,0,0,0,0,1,0,0,0,0,0,0,5.2832037287379885,16.125468405287734,10.84226467581518,False,False,False
Alamain (Latin District),1,1,0,0,1,0,1,1,1,0,0,0,0,1,0,0,0,0,0,0,0,1,0,0,0,0,0,0,5.313550747188626,15.648571906549437,10.335021158790203,False,False,False
Latin City,0,1,0,1,1,0,0,0,0,0,1,0,1,0,0,0,0,0,0,0,0,1,0,0,0,0,0,0,4.919980925828125,15.965061014789258,11.045080089019402,False,False,False
Latin City,1,0,1,1,0,0,0,0,0,0,1,0,1,0,0,0,0,0,0,0,0,1,0,0,0,0,0,0,4.90527477843843,15.695586108240898,10.790311328810708,False,False,False
New Garden City,1,1,1,0,0,0,1,0,0,1,0,0,1,0,0,0,0,0,0,1,0,0,0,0,0,0,0,0,4.890349128221754,15.622651129230633,10.732302001550485,False,False,False
Blu Vert,1,1,0,0,1,0,0,1,0,0,0,1,0,0,0,0,0,0,0,1,0,0,0,0,0,0,0,0,5.104853969335237,15.986277076337473,10.88142310658649,False,False,False
Jade Park,1,0,1,1,0,0,1,0,1,0,0,0,0,1,0,0,1,0,0,1,0,0,0,0,0,0,0,0,5.393627546352362,15.878060231973892,10.484432686892823,False,False,False
Blu Vert,1,1,0,0,1,0,1,1,0,0,0,1,0,0,0,0,0,0,0,1,0,0,0,0,0,0,0,0,5.283051432877604,16.17353035784642,10.890478925628042,False,False,False
Alamain (Latin District),1,1,0,0,1,0,1,1,1,0,0,1,0,0,0,0,0,0,0,0,0,1,0,0,0,0,0,0,4.531092982591776,15.019383357289875,10.488290375762608,False,False,False
Central,1,1,0,1,0,0,1,0,1,0,0,0,0,0,0,0,0,0,0,0,1,0,0,1,0,1,0,0,5.173434184401347,17.603262022842834,12.429827838553452,True,False,True
Zahya,1,1,0,1,0,0,0,0,1,0,0,0,0,1,0,0,0,0,1,0,0,0,0,0,1,0,0,0,5.886104031450156,16.105820620082707,10.219716589037493,False,False,False
Zahya,1,1,0,1,0,0,0,0,1,0,0,0,0,1,0,0,0,0,1,0,0,0,0,0,1,0,0,0,6.222576268071369,16.13593556908665,9.913359301093868,False,False,False
PODIA,0,1,1,0,1,0,0,0,0,1,0,0,0,0,0,0,0,0,0,0,0,0,0,1,0,0,0,1,3.295836866004329,16.13966142887288,12.843824562751111,True,True,False
Latin City,0,1,0,1,1,0,1,0,0,0,1,0,0,0,1,0,0,0,0,0,0,1,0,0,0,0,0,0,5.44673737166631,15.92584496308648,10.479107592195836,False,False,False
Mazarine Apartment,1,1,0,1,1,0,1,0,1,1,1,0,0,1,0,0,0,1,0,0,0,0,0,0,0,0,0,0,5.442417710521793,16.398602039661004,10.956184329010794,False,False,False
Alamain (Latin District),1,1,0,0,1,0,1,1,1,0,0,1,0,0,0,0,0,0,0,0,0,1,0,0,0,0,0,0,4.531092982591776,15.30751537350628,10.77642239061041,False,False,False
VALORY,0,1,1,0,1,1,0,0,1,0,0,0,0,0,0,0,0,0,0,0,1,0,0,1,0,0,0,1,3.80666248977032,16.477479402762075,12.670816912921945,True,True,False
Downtown Extension,1,1,0,1,1,0,1,0,1,1,1,0,1,0,0,0,0,1,0,0,0,1,0,0,0,0,0,0,5.153291594497779,15.95369259466671,10.80040099960316,False,False,False
Downtown Extension,1,1,0,1,1,0,0,0,0,0,0,0,1,0,0,0,0,1,0,0,0,1,0,0,0,0,0,0,5.093750200806762,15.844053464210573,10.750303263851004,False,False,False
Latin City,1,1,0,0,1,0,0,1,1,0,0,0,1,0,0,0,0,0,0,0,0,1,0,0,0,0,0,0,4.962844630259907,15.905397357505649,10.942552726689089,False,False,False
Downtown Extension,1,1,0,0,1,0,1,0,0,0,0,0,1,0,0,0,0,1,0,0,0,1,0,0,0,0,0,0,5.152944713532285,15.921594030590532,10.768649317572851,False,False,False
Mazarine Apartment,1,1,0,0,0,0,0,0,1,1,1,0,0,1,0,0,0,1,0,0,0,0,0,0,0,0,0,0,5.5093883366279774,16.34658488859728,10.83719655177037,False,False,False
Mazarine Apartment,0,1,0,1,1,0,1,0,1,1,1,0,0,1,0,0,0,1,0,0,0,1,0,0,0,0,0,0,5.4907542570830845,16.101458009805295,10.61070375365846,False,False,False
Al Fustat,1,1,0,1,0,0,0,1,1,0,1,0,0,0,0,0,0,0,0,0,0,0,1,0,0,0,0,0,5.064744619743288,15.217924300964048,10.153179682825188,False,False,False
Alamain (Latin District),1,1,0,0,1,0,1,0,0,1,1,0,1,0,0,0,0,0,0,0,0,1,0,0,0,0,0,0,4.831030044796529,15.116791544757207,10.285761499145218,False,False,False
Beachfront Tower - B1,0,0,0,0,1,1,0,0,1,1,1,0,0,1,0,0,0,1,0,0,0,0,0,0,0,0,0,0,5.765191102784844,17.639423401141123,11.874232298526646,False,False,True
Mazarine Apartment,1,1,0,1,1,1,0,0,1,1,1,0,0,1,0,0,0,1,0,0,0,1,0,0,0,0,0,0,5.566854845152132,17.052697702603727,11.485842857566196,False,False,False
Mazarine,1,1,0,1,0,0,0,0,1,1,1,0,0,1,0,0,0,1,0,0,0,0,0,0,1,0,0,0,5.69035945432406,16.71759127543681,11.027231820673478,False,False,False
Mazarine Apartment,0,1,0,1,1,0,1,0,1,1,1,0,0,1,0,0,0,1,0,0,0,1,0,0,0,0,0,0,5.5093883366279774,16.389343416946677,10.879955080791404,False,False,False
Latin City,0,1,0,1,1,0,0,0,0,0,1,0,0,0,1,0,0,0,0,0,0,1,0,0,0,0,0,0,5.4510384535657,15.892824838627936,10.44178638578878,False,False,False
Alamain (Latin District),1,1,0,0,1,0,1,0,0,1,1,0,0,0,1,0,0,0,0,0,0,1,0,0,0,0,0,0,5.477383630621318,15.56679519462661,10.089411562696023,False,False,False
Latin City,0,1,0,0,1,0,1,0,0,0,1,0,0,1,0,1,0,0,0,0,0,1,0,0,0,0,0,0,5.308267697401205,16.19764592971633,10.889378232389006,False,False,False
Mazarine Apartment,1,1,0,1,1,0,1,0,1,1,1,0,0,1,0,0,0,1,0,0,0,1,0,0,0,0,0,0,5.580748175217117,16.936994036823826,11.35624586160975,False,False,False
Zahya,1,1,0,1,0,0,0,0,1,0,0,0,0,1,0,0,0,0,1,0,0,0,0,0,1,0,0,0,6.222576268071369,16.203079974863318,9.98050370789418,False,False,False
Central,1,1,0,1,0,0,0,0,1,0,0,0,0,0,0,0,0,0,0,0,1,0,0,1,0,1,0,0,5.036757778241827,17.28610961642999,12.249351838344491,True,False,False
Central,1,1,0,1,0,0,1,0,1,0,0,0,0,0,0,0,0,0,0,0,1,0,0,1,0,1,0,0,5.173434184401347,17.400028996753466,12.226594812425049,True,False,False
Alamain (Latin District),1,1,0,0,1,0,1,0,0,1,1,0,0,0,1,0,0,0,0,0,0,1,0,0,0,0,0,0,5.477383630621318,15.56679519462661,10.089411562696023,False,False,False
Zahya,1,1,0,1,0,0,0,0,1,0,0,0,0,1,0,0,0,0,1,0,0,0,0,0,1,0,0,0,5.971261839790462,16.134952768024743,10.163690930122186,False,False,False
Jade Park,1,0,1,1,0,0,1,0,1,0,0,0,0,0,1,0,1,0,0,1,0,0,0,0,0,0,0,0,5.796057750765372,16.366828973271527,10.570771222396983,False,False,False
Alamain (Latin District),1,1,0,0,1,0,0,1,1,0,0,0,0,1,0,0,0,0,0,0,0,1,0,0,0,0,0,0,5.055990995817053,15.38162334566,10.325632351286558,False,False,False
Latin City,0,1,0,0,1,0,1,0,0,0,1,0,0,1,0,1,0,0,0,0,0,1,0,0,0,0,0,0,5.288267030694535,16.117295330787552,10.829028300793576,False,False,False
Alamain (Latin District),1,1,0,0,1,0,1,1,1,0,0,1,0,0,0,0,0,0,0,0,0,1,0,0,0,0,0,0,4.531092982591776,15.56714223610155,11.036049252734616,False,False,False
Zahya,1,1,0,1,0,0,0,0,1,0,0,0,0,1,0,0,0,0,1,0,0,0,0,0,1,0,0,0,6.016157159698354,16.17475949807586,10.158602337527087,False,False,False
Alamain (Latin District),1,1,0,0,1,0,1,0,0,1,1,0,0,0,1,0,0,0,0,0,0,1,0,0,0,0,0,0,5.432411101028736,16.324296481542216,10.89188538086092,False,False,False
PODIA,0,1,1,0,1,0,0,0,0,1,0,0,0,0,0,0,0,0,0,0,0,0,0,1,0,0,0,1,3.9889840465642745,16.590409110490945,12.601425063989026,True,True,False
Central,1,1,0,1,0,0,0,0,1,0,0,0,0,0,0,0,0,0,0,0,1,0,0,1,0,1,0,0,4.867457524419928,17.189439512472237,12.321981988253109,True,False,False
AlMaqsad Park,1,1,0,0,1,0,1,0,0,1,0,0,0,1,0,0,0,0,0,1,0,0,0,0,0,0,0,0,5.043425116919247,15.385583746876096,10.34215862912473,False,False,False
Latin City,0,1,0,0,1,0,0,0,0,0,1,0,0,1,0,1,0,0,0,0,0,1,0,0,0,0,0,0,5.3706380281276624,16.276551336650293,10.905913308181246,False,False,False
New Garden City,1,1,0,0,0,0,1,0,0,1,0,0,1,0,0,0,0,0,0,1,0,0,0,0,0,0,0,0,5.093750200806762,15.72963514166598,10.635884941006688,False,False,False
Mazarine Apartment,1,1,0,1,1,0,0,0,1,1,1,0,0,1,0,0,0,1,0,0,0,1,0,0,0,0,0,0,5.472270673671475,16.68170346016328,11.209432786332442,False,False,False
Alamain (Latin District),1,1,0,0,1,0,1,1,1,0,0,0,1,0,0,0,0,0,0,0,0,1,0,0,0,0,0,0,4.801476827348709,14.92275217333044,10.121275347356482,False,False,False
Alamain (Latin District),1,1,0,0,1,0,0,0,0,1,1,0,0,1,0,0,0,0,0,0,0,1,0,0,0,0,0,0,5.34084989726674,15.814961473947616,10.474111575478847,False,False,False
Alamain (Latin District),1,1,0,0,1,0,1,1,1,0,0,1,0,0,0,0,0,0,0,0,0,1,0,0,0,0,0,0,4.531092982591776,15.696348710275872,11.16525572788504,False,False,False
PODIA,0,1,1,0,1,1,0,0,0,1,0,0,0,0,0,0,0,0,0,0,0,0,0,1,0,1,0,0,4.290459441148391,16.099829842151426,11.809370400891009,False,False,False
Alamain (Latin District),1,1,0,0,1,0,1,0,0,1,1,0,0,0,1,0,0,0,0,0,0,1,0,0,0,0,0,0,5.464763574183701,15.837852507603538,10.373088932140323,False,False,False
Latin City,0,1,0,0,1,0,0,0,0,0,1,0,0,0,1,1,0,0,0,0,0,1,0,0,0,0,0,0,5.459585514144159,16.2759537355739,10.816368220746565,False,False,False
Alamain (Latin District),1,1,0,0,1,0,1,1,1,0,0,1,0,0,0,0,0,0,0,0,0,1,0,0,0,0,0,0,4.531092982591776,14.544507391417916,10.013414409072162,False,False,True
Maspero Business Tower Nile Heights,1,1,0,0,1,1,0,0,1,1,0,0,0,0,0,0,0,0,0,0,0,0,0,1,0,1,0,0,5.214935757608986,16.248685220661923,11.0337494626317,False,False,False
Alamain (Latin District),1,1,0,0,1,0,1,1,1,0,0,1,0,0,0,0,0,0,0,0,0,1,0,0,0,0,0,0,4.531092982591776,15.786809941024408,11.25571695811341,False,False,False
Alamain (Latin District),1,1,0,0,1,0,1,0,0,1,1,0,0,0,1,0,0,0,0,0,0,1,0,0,0,0,0,0,5.484008240811595,16.32843761043532,10.844429370284772,False,False,False
Downtown Extension,1,1,0,1,1,0,0,0,1,1,1,0,1,0,0,0,0,1,0,0,0,1,0,0,0,0,0,0,5.153291594497779,15.940164442465658,10.786872848170985,False,False,False
Maspero mall,1,1,0,0,1,0,0,1,1,0,0,0,0,0,0,0,0,0,0,0,0,0,0,1,0,0,0,1,6.077642243349034,18.18428729921058,12.106645055765275,True,False,True
Blu Vert,1,1,0,0,1,0,0,1,0,0,0,1,0,0,0,0,0,0,0,1,0,0,0,0,1,0,0,0,5.41164605185504,17.1700006048611,11.75835455311783,False,False,False
Maspero Business Tower Nile Heights,1,1,0,0,1,0,1,0,1,1,0,0,1,0,0,0,0,1,0,0,0,0,0,1,0,1,0,0,5.170483995038151,16.248685220661923,11.078201225904596,False,False,False
Blu Vert,1,1,0,0,1,0,0,1,0,0,0,1,0,0,0,0,0,0,0,1,0,0,0,0,1,0,0,0,5.41164605185504,16.793587896279544,11.381941844587354,False,False,False
Alamain (Latin District),1,1,0,0,1,0,1,0,0,1,1,0,0,1,0,0,0,0,0,0,0,1,0,0,0,0,0,0,5.3230099791384085,16.167552259670913,10.844542279818697,False,False,False
Beachfront Tower - B1,0,0,0,0,1,0,0,0,1,1,1,0,0,1,0,0,0,1,0,0,0,0,0,0,0,0,0,0,5.736572297479192,17.638702349685804,11.902130052468909,False,False,True
Latin City,0,1,0,1,1,0,0,0,0,0,1,0,1,0,0,0,0,0,0,0,0,1,0,0,0,0,0,0,5.19295685089021,16.170403430581665,10.977446579881262,False,False,False
PODIA,0,1,1,0,1,0,1,0,0,1,0,0,0,0,0,0,0,0,0,0,0,0,0,1,0,1,0,0,4.262679877041316,16.044664372872436,11.781984495551312,False,False,False
Alamain (Latin District),1,1,0,0,1,0,1,0,0,1,1,0,0,1,0,0,0,0,0,0,0,1,0,0,0,0,0,0,5.3230099791384085,16.167552259670913,10.844542279818697,False,False,False
Zahya,1,1,0,1,0,0,0,0,1,0,0,0,0,1,0,0,0,0,1,0,0,0,0,0,1,0,0,0,5.886104031450156,16.125964609337014,10.239860577093127,False,False,False
Jade Park,1,0,1,1,0,0,1,0,1,0,0,0,0,1,0,0,1,0,0,1,0,0,0,0,0,0,0,0,5.393627546352362,15.878314458491086,10.4846869131555,False,False,False
Alamain (Latin District),1,1,0,0,1,0,0,0,0,1,1,0,0,0,1,0,0,0,0,0,0,1,0,0,0,0,0,0,5.449449208551952,15.822515806379398,10.373066597908888,False,False,False
Downtown Extension,1,1,0,1,1,0,1,0,1,1,1,0,1,0,0,0,0,1,0,0,0,1,0,0,0,0,0,0,5.152771227916698,15.976071150928902,10.82329992215847,False,False,False
Alamain (Latin District),1,1,0,0,1,0,0,0,0,1,1,0,0,0,1,0,0,0,0,0,0,1,0,0,0,0,0,0,5.38632824387075,15.759561837534587,10.373233592358556,False,False,False
Latin City,0,1,0,1,1,0,0,0,0,0,1,0,0,1,0,0,0,0,0,0,0,1,0,0,0,0,0,0,5.332718793265369,15.741655221890772,10.408936429470517,False,False,False
Central,1,1,0,1,0,0,1,0,1,0,0,0,0,0,0,0,0,0,0,0,1,0,0,1,0,1,0,0,5.238461199394672,17.506936766344786,12.268475567116242,True,False,True
Alamain (Latin District),1,1,0,0,1,0,1,0,0,1,1,0,0,0,1,0,0,0,0,0,0,1,0,0,0,0,0,0,4.729421148325948,15.488298785899136,10.758877637377394,False,False,False
Latin City,0,1,0,0,1,0,1,0,0,0,1,0,0,0,1,0,0,0,0,0,0,1,0,0,0,0,0,0,5.459585514144159,16.328842681935978,10.869257167548826,False,False,False
Al Fustat,1,1,0,1,0,0,1,1,1,0,1,0,0,0,0,0,0,0,0,0,0,0,1,0,0,0,0,0,5.112951179567857,15.309986451928692,10.197035273387536,False,False,False
Zahya,1,1,0,1,0,0,0,0,1,0,0,0,0,1,0,0,1,0,1,0,0,0,0,0,1,0,0,0,6.129050210060545,16.340679045413967,10.211628834480932,False,False,False
Jade Park,1,0,1,1,0,0,1,0,1,0,0,0,0,0,1,0,1,0,0,1,0,0,0,0,0,0,0,0,5.556828061699537,16.051528406686206,10.494700344334682,False,False,False
Al Fustat,1,1,0,1,0,0,0,1,1,0,1,0,0,0,0,0,0,0,0,0,0,0,1,0,0,0,0,0,4.825830657008495,15.01728093873501,10.191450281850088,False,False,False
Alamain (Latin District),1,1,0,0,1,0,1,1,1,0,0,0,0,0,1,0,0,0,0,0,0,1,0,0,0,0,0,0,5.435249221043181,15.77038044839106,10.335131228818216,False,False,False
Central,1,1,0,1,0,0,1,0,1,0,0,0,0,0,0,0,0,0,0,0,1,0,0,1,0,1,0,0,5.38068045697316,17.540480832222563,12.159800375203876,True,False,True
Central,1,1,0,1,0,0,0,0,1,0,0,0,0,0,0,0,0,0,0,0,1,0,0,1,0,1,0,0,5.173434184401347,16.66910306435714,11.495668879896083,False,False,False
Beachfront Tower - B1,0,0,0,0,1,1,0,0,1,1,1,0,0,1,0,0,0,1,0,0,0,0,0,0,0,0,0,0,5.765191102784844,17.845227706209062,12.08003660331043,False,False,True
AlMaqsad Park,1,1,0,0,1,0,1,0,0,1,0,0,0,1,0,0,0,0,0,1,0,0,0,0,0,0,0,0,5.043425116919247,15.41388752303895,10.37046240591748,False,False,False
Alamain (Latin District),1,1,0,0,1,0,1,1,1,0,0,1,0,0,0,0,0,0,0,0,0,1,0,0,0,0,0,0,4.531092982591776,15.736395896400415,11.205302913401145,False,False,False
AlMaqsad Park,1,1,0,0,1,0,1,0,0,1,0,0,0,1,0,0,1,0,0,1,0,0,0,0,0,0,0,0,5.049856007249537,15.439048594777155,10.389192588868578,False,False,False
PODIA,0,1,1,0,1,0,0,0,0,1,0,0,0,0,0,0,0,0,0,0,0,0,0,1,0,0,0,1,4.516338972281476,17.194087345588894,12.677748373227294,True,False,False
Alamain (Latin District),1,1,1,0,0,0,1,0,0,0,0,0,0,1,0,0,0,1,0,0,0,1,0,0,0,0,0,0,5.327876168789581,16.219839634841605,10.891963465184892,False,False,False
Alamain (Latin District),1,1,0,0,1,0,1,1,1,0,0,1,0,0,0,0,0,0,0,0,0,1,0,0,0,0,0,0,4.531092982591776,15.684385377409852,11.153292394371542,False,False,False
PODIA,0,1,1,0,1,0,0,0,0,1,0,0,0,0,0,0,0,0,0,0,0,0,0,1,0,0,0,1,4.110873864173311,16.772346065888318,12.661472201595446,True,True,False
Alamain (Latin District),1,1,0,0,1,0,0,0,0,1,1,0,0,1,0,0,0,0,0,0,0,1,0,0,0,0,0,0,5.3688690224989815,15.606936638291092,10.238067614408983,False,False,False
New Garden City,1,1,1,0,0,0,0,0,0,1,0,0,1,0,0,0,0,0,0,1,0,0,0,0,0,0,0,0,5.176149732573829,15.950268540314818,10.774118808119464,False,False,False
Downtown commercial,1,1,0,0,1,0,0,0,0,0,0,0,0,0,0,0,0,0,0,0,0,0,0,1,0,0,0,1,5.41164605185504,16.911902314617443,11.500256262473046,False,False,False
Alamain (Latin District),1,1,0,0,1,0,1,1,1,0,0,0,0,0,1,0,0,0,0,0,0,1,0,0,0,0,0,0,5.440467758652715,15.822918896744278,10.382451136854998,False,False,False
Alamain (Latin District),1,1,1,0,0,0,1,0,0,0,0,0,0,1,0,0,0,1,0,0,0,1,0,0,0,0,0,0,5.356727774094459,16.248597459022477,10.891869684362634,False,False,False
Alamain (Latin District),1,1,0,0,1,0,1,1,1,0,0,1,0,0,0,0,0,0,0,0,0,1,0,0,0,0,0,0,4.531092982591776,14.787046764064408,10.25595378275121,False,False,False
Alamain (Latin District),1,1,0,0,1,0,1,1,1,0,0,1,0,0,0,0,0,0,0,0,0,1,0,0,0,0,0,0,4.531092982591776,14.807650602121868,10.276557618440732,False,False,False
Downtown commercial,1,1,0,0,1,0,0,0,0,0,0,0,0,0,0,0,0,0,0,0,0,0,0,1,0,0,0,1,5.823045895483019,17.365874792221465,11.542828897140446,False,False,False
PODIA,0,1,1,0,1,1,0,0,0,1,0,0,0,0,0,0,0,0,0,0,0,0,0,1,0,1,0,0,4.584967478670572,16.37513808727799,11.790170608669284,False,False,False
Alamain (Latin District),1,1,0,0,1,0,1,1,1,0,0,1,0,0,0,0,0,0,0,0,0,1,0,0,0,0,0,0,4.531092982591776,14.408837403242009,9.87774441821598,False,False,True
Alamain (Latin District),1,1,0,0,1,0,0,0,0,1,1,0,0,1,0,0,0,0,0,0,0,1,0,0,0,0,0,0,5.323058758436484,16.205740160810365,10.88268140212938,False,False,False
Mamsha Avenue,1,1,0,0,1,0,1,0,1,1,0,0,0,0,1,0,0,0,0,1,0,0,0,0,0,0,0,0,5.966146739123692,16.31259278368241,10.346446043076869,False,False,False
Downtown commercial,1,1,0,0,1,0,0,0,0,0,0,0,0,0,0,0,0,0,0,0,0,0,0,1,0,0,0,1,5.44673737166631,16.836813107629794,11.390075736275406,False,False,False
Alamain (Latin District),1,1,0,0,1,0,1,1,1,0,0,1,0,0,0,0,0,0,0,0,0,1,0,0,0,0,0,0,4.531092982591776,15.918668626261423,11.387575643259494,False,False,False
PODIA,0,1,1,0,1,0,0,0,0,1,0,0,0,0,0,0,0,0,0,0,0,0,0,1,0,0,0,1,4.0943445622221,16.549683243212055,12.455338681119851,True,True,False
Zahya,1,1,0,1,0,0,0,0,1,0,0,0,0,1,0,0,0,0,1,0,0,0,0,0,1,0,0,0,6.222576268071369,16.267894016046714,10.04531774590923,False,False,False
Jade Park,1,0,1,1,0,0,0,0,1,0,0,0,0,1,0,0,1,0,0,1,0,0,0,0,0,0,0,0,5.393627546352362,15.94766313855678,10.554035592678744,False,False,False
Maspero Business Tower Nile Heights,1,1,0,0,1,1,0,0,1,1,0,0,0,0,0,0,0,0,0,0,0,0,0,1,0,1,0,0,5.214935757608986,16.34355651522769,11.128620757554852,False,False,False
Zahya,1,1,0,1,0,0,0,0,1,0,0,0,0,1,0,0,0,0,1,0,0,0,0,0,1,0,0,0,6.016157159698354,16.133378274489477,10.11722111646534,False,False,False
Alamain (Latin District),1,1,0,0,1,0,1,1,1,0,0,0,1,0,0,0,0,1,0,0,0,1,0,0,0,0,0,0,4.899554746499545,15.7951317643619,10.895577016994125,False,False,False
Alamain (Latin District),1,1,0,0,1,0,1,1,1,0,0,1,0,0,0,0,0,0,0,0,0,1,0,0,0,0,0,0,4.531092982591776,15.67274560915124,11.14165262692506,False,False,False
Alamain (Latin District),1,1,0,0,1,0,0,1,1,0,0,1,0,0,0,0,0,0,0,0,0,1,0,0,0,0,0,0,4.531092982591776,15.280847126424115,10.74975414420564,False,False,False
Alamain (Latin District),1,1,0,0,1,0,1,1,1,0,0,1,0,0,0,0,0,0,0,0,0,1,0,0,0,0,0,0,4.531092982591776,15.920985276690926,11.389892293814896,False,False,False
PODIA,0,1,1,0,1,0,0,0,0,1,0,0,0,0,0,0,0,0,0,0,0,0,0,1,0,0,0,1,4.31748811353631,16.843080588367016,12.525592474709622,True,False,False
Maspero Business Tower Nile Heights,1,1,0,0,1,0,1,0,1,1,0,0,0,0,0,0,0,0,0,0,0,0,0,1,0,1,0,0,5.214935757608986,16.34355651522769,11.128620757554852,False,False,False
Alamain (Latin District),1,1,0,0,1,0,1,1,1,0,0,0,1,0,0,0,0,0,0,0,0,1,0,0,0,0,0,0,4.829513017877783,15.725201200024008,10.895688182548389,False,False,False
Alamain (Latin District),1,1,0,0,1,0,0,0,0,1,1,0,0,0,1,0,1,0,0,0,0,1,0,0,0,0,0,0,5.307921102690732,16.203355494909143,10.895434393010698,False,False,False
Alamain (Latin District),1,1,0,0,1,0,1,0,0,1,1,0,1,0,0,0,0,0,0,0,0,1,0,0,0,0,0,0,4.894101477840304,15.789730463231004,10.89562898527266,False,False,False
Alamain (Latin District),1,1,0,0,1,0,1,0,0,1,1,0,0,1,0,0,0,0,0,0,0,1,0,0,0,0,0,0,5.3646199558021,16.256552394105334,10.891932439105153,False,False,False
New Garden City,1,1,0,0,0,0,0,0,0,1,0,1,0,0,0,0,0,0,0,1,0,0,0,0,0,0,0,0,4.48863636973214,15.179559310136844,10.690922940864828,False,False,False
AlMaqsad Park,1,1,0,0,1,0,0,0,0,1,0,0,0,1,0,0,0,0,0,1,0,0,0,0,0,0,0,0,5.049856007249537,15.439048594777155,10.389192588868578,False,False,False
New Garden City,1,1,0,0,0,0,0,0,0,1,0,1,0,0,0,0,0,0,0,1,0,0,0,0,0,0,0,0,4.48863636973214,15.207538450931926,10.718902081398642,False,False,False
New Garden City,1,1,0,0,0,0,1,0,0,1,0,0,0,1,0,0,0,0,0,1,0,0,0,0,0,0,0,0,5.351858133476067,15.994684306043084,10.64282617350604,False,False,False
Mamsha Avenue,1,1,0,0,1,0,0,0,1,1,0,0,0,1,0,0,0,0,0,1,0,0,0,0,0,0,0,0,5.14166355650266,15.61258918866993,10.470925632134112,False,False,False
BEGONIA,0,1,0,0,1,0,1,1,0,1,0,0,0,1,0,0,0,1,0,0,1,0,0,0,0,0,0,0,4.997212273764115,15.96797019238068,10.970757917779942,False,False,False
Zahya,1,1,0,1,0,0,0,0,1,0,0,0,0,0,1,0,0,0,1,0,0,0,0,0,0,0,1,0,6.651184201555409,16.733443439063855,10.082259236815045,False,True,False
Alamain (Latin District),1,1,0,0,1,0,1,1,1,0,0,0,0,0,1,0,0,1,0,0,0,1,0,0,0,0,0,0,5.284117017146896,16.179661006616474,10.895543989194262,False,False,False
T- Residences,1,1,0,0,0,0,1,0,0,0,0,0,0,1,0,1,0,0,0,0,0,1,0,0,0,0,0,0,4.787491742782046,14.815629071227749,10.028137326974358,False,False,False
Jade Park,1,0,1,1,0,0,1,0,1,0,0,0,0,0,1,0,1,0,0,1,0,0,0,0,0,0,0,0,5.41610040220442,16.04573998876618,10.62963958602424,False,False,False
PODIA,0,1,1,0,1,1,0,0,0,1,0,0,0,0,0,0,0,0,0,0,0,0,0,1,0,1,0,0,4.516338972281476,16.31547001037857,11.799131037932916,False,False,False
Alamain (Latin District),1,1,1,0,0,0,1,0,0,0,0,0,0,1,0,0,0,1,0,0,0,1,0,0,0,0,0,0,5.3748153375207615,16.219387902440193,10.844572564027509,False,False,False
New Garden City,1,1,0,0,0,0,1,0,0,1,0,0,0,1,0,1,0,0,0,1,0,0,0,0,0,0,0,0,5.641907070938114,16.255332669263403,10.613425599197054,False,False,False
T- Residences,1,1,0,0,0,0,1,0,0,0,0,0,0,1,0,1,0,0,0,0,0,1,0,0,0,0,0,0,4.787491742782046,14.796936757767806,10.009445016484865,False,False,False
Podia Plaza – Commercial for Sale,0,1,1,0,1,0,0,0,0,1,0,0,0,0,0,0,0,0,0,0,0,0,0,1,0,0,0,1,4.886582645426277,17.63249734605695,12.745914700597682,True,False,True
Alamain (Latin District),1,1,0,0,1,0,1,1,1,0,0,1,0,0,0,0,0,0,0,0,0,1,0,0,0,0,0,0,4.549763178716353,14.98675353766729,10.436990359277967,False,False,False
New Garden City,1,1,0,0,0,0,1,0,0,1,0,0,1,0,0,0,0,0,0,1,0,0,0,0,0,0,0,0,5.111987788356544,15.75511515445631,10.643127367106093,False,False,False
BEGONIA,0,1,0,0,1,0,0,1,0,1,0,0,0,0,1,0,0,1,0,0,1,0,0,0,0,0,0,0,5.5053315359323625,16.639801865820523,11.134470329615146,False,False,False
T- Residences,1,1,0,0,0,0,1,0,0,0,0,0,0,1,0,1,0,0,0,0,0,1,0,0,0,0,0,0,4.867534450455582,14.895671665721018,10.028137216623598,False,False,False
Zahya,1,1,0,1,0,0,0,0,1,0,0,0,0,1,0,0,0,0,1,0,0,0,0,0,1,0,0,0,5.793013608384144,16.249123913364723,10.456110306103389,False,False,False
Alamain (Latin District),1,1,0,0,1,0,0,1,1,0,0,0,0,0,1,0,1,0,0,0,0,1,0,0,0,0,0,0,5.446478717528557,15.819554835171663,10.373076117529614,False,False,False
Alamain (Latin District),1,1,1,0,0,0,1,0,0,0,0,0,0,1,0,0,0,1,0,0,0,1,0,0,0,0,0,0,5.368729230788402,16.288007187675593,10.919277956025397,False,False,False
Jade Park,1,0,1,1,0,0,1,0,1,0,0,0,0,0,1,0,1,0,0,1,0,0,0,0,0,0,0,0,5.752572638825633,16.314155733862787,10.56158309446178,False,False,False
Alamain (Latin District),1,1,0,0,1,0,1,1,1,0,0,1,0,0,0,0,0,0,0,0,0,1,0,0,0,0,0,0,4.531092982591776,14.916785964051869,10.385692982979371,False,False,False
BEGONIA,0,1,0,0,1,0,1,1,0,1,0,0,1,0,0,0,1,0,0,0,1,0,0,0,0,0,0,0,4.68213122712422,15.681913570188096,10.99978234287826,False,False,False
Alamain (Latin District),1,1,0,0,1,0,1,1,1,0,0,1,0,0,0,0,0,0,0,0,0,1,0,0,0,0,0,0,4.531092982591776,15.685773088680271,11.154680105717464,False,False,False
Downtown commercial,1,1,0,0,1,0,0,0,0,0,0,0,0,0,0,0,0,0,0,0,0,0,0,1,0,0,0,1,5.3981627015177525,16.78823005720919,11.390067355384456,False,False,False
Alamain (Latin District),1,1,1,0,0,0,0,0,0,0,0,0,0,1,0,0,0,1,0,0,0,1,0,0,0,0,0,0,5.356727774094459,16.19143904518253,10.834711270303757,False,False,False
T- Residences,1,1,0,0,0,0,1,0,0,0,0,0,0,1,0,1,0,0,0,0,0,1,0,0,0,0,0,0,4.890349128221754,14.918486312851927,10.028137185725384,False,False,False
New Garden City,1,1,0,0,0,0,1,0,0,1,0,0,0,1,0,0,0,0,0,1,0,0,0,0,0,0,0,0,5.351858133476067,15.994684306043084,10.64282617350604,False,False,False
Downtown commercial,1,1,0,0,1,0,0,0,0,0,0,0,0,0,0,0,0,0,0,0,0,0,0,1,0,0,0,1,5.583496308781699,17.002276328914242,11.41878002019863,False,False,False
Alamain (Latin District),1,1,0,0,1,0,0,1,1,0,0,0,0,1,0,0,0,1,0,0,0,1,0,0,0,0,0,0,5.353373572296115,16.197830618977175,10.844457047148648,False,False,False
BEGONIA,0,1,0,0,1,0,0,1,0,1,0,0,0,1,0,0,0,1,0,0,1,0,0,0,0,0,0,0,4.997212273764115,15.938610068983571,10.941397794932271,False,False,False
Alamain (Latin District),1,1,0,0,1,0,0,0,0,1,1,0,0,1,0,0,0,0,0,0,0,1,0,0,0,0,0,0,5.338114836422103,15.465706462870545,10.12759162640082,False,False,False
Maspero mall,1,1,0,0,1,0,0,1,1,0,0,0,0,0,0,0,0,0,0,0,0,0,0,1,0,0,0,1,5.170483995038151,16.89355987400748,11.723075878674614,False,False,False
Downtown commercial,1,1,0,0,1,0,0,0,0,0,0,0,0,0,0,0,0,0,0,0,0,0,0,1,0,0,0,1,5.420534999272286,17.308648813324787,11.888113814241011,False,False,False
AlMaqsad Park,1,1,0,0,1,0,1,0,0,1,0,0,1,0,0,0,0,0,0,1,0,0,0,0,0,0,0,0,5.062595033026967,15.385375695278553,10.322780661627364,False,False,False
Zahya,1,1,0,1,0,0,0,0,1,0,0,0,0,1,0,0,0,0,1,0,0,0,0,0,1,0,0,0,6.016157159698354,16.174286930608062,10.158129770909708,False,False,False
New Garden City,1,1,1,0,0,0,1,0,0,1,0,0,1,0,0,0,0,0,0,1,0,0,0,0,0,0,0,0,5.099866427824199,15.7922269971213,10.692360569684965,False,False,False
T- Residences,1,1,0,0,0,0,0,0,0,0,0,0,0,1,0,1,0,0,0,0,0,1,0,0,0,0,0,0,4.867534450455582,14.895671665721018,10.028137216623598,False,False,False
Blu Vert,1,1,0,0,1,0,0,1,0,0,0,1,0,0,0,0,0,0,0,1,0,0,0,0,1,0,0,0,5.41164605185504,16.99101948612726,11.57937343413855,False,False,False
New Garden City,1,1,0,0,0,0,0,0,0,1,0,0,0,1,0,0,0,0,0,1,0,0,0,0,0,0,0,0,5.910796644040527,16.49584692049897,10.585050276636643,False,False,False
Alamain (Latin District),1,1,0,0,1,0,1,0,0,1,1,1,0,0,0,0,0,0,0,0,0,1,0,0,0,0,0,0,4.811371016571989,15.343087443918057,10.531716427849648,False,False,False
T- Residences,1,1,0,0,0,0,1,0,0,0,0,0,0,1,0,1,0,0,0,0,0,1,0,0,0,0,0,0,4.867534450455582,14.895671665721018,10.028137216623598,False,False,False
Alamain (Latin District),1,1,0,0,1,0,1,1,1,0,0,0,0,0,1,0,1,0,0,0,0,1,0,0,0,0,0,0,5.508578292031233,16.030465900997346,10.521887609035977,False,False,False
Zahya,1,1,0,1,0,0,0,0,1,0,0,0,0,1,0,0,0,0,1,0,0,0,0,0,1,0,0,0,6.016157159698354,16.167457080496042,10.151299919084384,False,False,False
Downtown commercial,1,1,0,0,1,0,0,0,0,0,0,0,0,0,0,0,0,0,0,0,0,0,0,1,0,0,0,1,5.117993812416755,16.65756703891422,11.539573226474142,False,False,False
Jade Park,1,0,1,1,0,1,0,0,1,0,0,0,0,1,0,0,1,0,0,1,0,0,0,0,0,0,0,0,5.768320995793772,16.081950204321966,10.313629208528194,False,False,False
Alamain (Latin District),1,1,0,0,1,0,0,1,1,0,0,0,0,0,1,0,0,0,0,0,0,1,0,0,0,0,0,0,5.440467758652715,15.813606460190158,10.373138700917782,False,False,False
Alamain (Latin District),1,1,1,0,0,0,0,0,0,0,0,0,1,0,0,0,0,1,0,0,0,1,0,0,0,0,0,0,4.899256706112866,15.734196320764717,10.834939614393042,False,False,False
BEGONIA,0,1,0,0,1,0,0,1,0,1,0,0,0,0,1,0,0,1,0,0,1,0,0,0,0,0,0,0,5.5053315359323625,16.54662603199748,11.041294496325705,False,False,False
Alamain (Latin District),1,1,0,0,1,0,0,1,1,0,0,1,0,0,0,0,0,0,0,0,0,1,0,0,0,0,0,0,4.531092982591776,15.211012399835075,10.679919418338176,False,False,False
Zahya,1,1,0,1,0,0,0,0,1,0,0,0,0,1,0,0,0,0,1,0,0,0,0,0,1,0,0,0,6.210600077024653,16.258031491255835,10.047431412405414,False,False,False
Alamain (Latin District),1,1,0,0,1,0,0,1,1,0,0,0,1,0,0,0,0,0,0,0,0,1,0,0,0,0,0,0,5.153407194752228,15.9882147301038,10.834807535289857,False,False,False
Maspero Business Tower Nile Heights,1,1,0,0,1,0,1,0,1,1,0,0,0,0,0,0,0,0,0,0,0,0,0,1,0,1,0,0,5.170483995038151,16.248685220661923,11.078201225904596,False,False,False
New Garden City,1,1,0,0,0,1,0,0,0,1,0,0,0,1,0,0,0,0,0,1,0,0,0,0,0,0,0,0,5.973809611869261,16.586723334024125,10.612913720934436,False,False,False
Alamain (Latin District),1,1,0,0,1,0,1,0,0,1,1,0,0,0,1,0,0,0,0,0,0,1,0,0,0,0,0,0,5.477383630621318,15.614080119120878,10.13669648947059,False,False,False
VALORY,0,1,1,0,1,1,0,0,1,0,0,0,0,0,0,0,0,0,0,0,1,0,0,1,0,0,0,1,3.828641396489095,16.528701124720214,12.700059728350505,True,True,False
T- Residences,1,1,0,0,0,0,0,0,0,0,0,0,0,1,0,1,0,0,0,0,0,1,0,0,0,0,0,0,4.700480365792417,14.70992534670761,10.009444980506348,False,False,True
New Garden City,1,1,0,0,0,0,1,0,0,1,0,0,1,0,0,0,0,0,0,1,0,0,0,0,0,0,0,0,5.093750200806762,15.739467196803716,10.645716995076976,False,False,False
Alamain (Latin District),1,1,0,0,1,0,0,1,1,0,0,1,0,0,0,0,0,0,0,0,0,1,0,0,0,0,0,0,4.5266679578331335,14.724978064490305,10.198310108449355,False,False,False
Alamain (Latin District),1,1,0,0,1,0,1,1,1,0,0,0,0,0,1,0,0,0,0,0,0,1,0,0,0,0,0,0,5.441291535499143,15.823724590355742,10.382433055674586,False,False,False
Mamsha Avenue,1,1,0,0,1,0,1,0,1,1,0,0,0,1,0,0,0,0,0,1,0,0,0,0,0,0,0,0,5.14166355650266,15.622486992997189,10.48082343665868,False,False,False
Alamain (Latin District),1,1,0,0,1,0,1,1,1,0,0,1,0,0,0,0,0,0,0,0,0,1,0,0,0,0,0,0,4.531092982591776,15.762562911598364,11.231469928679248,False,False,False
Zahya,1,1,0,1,0,0,0,0,1,0,0,0,0,0,1,0,0,0,1,0,0,0,0,0,0,0,1,0,6.606650186198215,17.114453705587675,10.507803519389457,False,True,False
Alamain (Latin District),1,1,0,0,1,0,1,1,1,0,0,0,0,0,1,0,0,0,0,0,0,1,0,0,0,0,0,0,5.363777338019823,15.698937215718152,10.335159878486348,False,False,False
Alamain (Latin District),1,1,0,0,1,0,1,1,1,0,0,1,0,0,0,0,0,0,0,0,0,1,0,0,0,0,0,0,4.829513017877783,15.307740269492834,10.478227252514532,False,False,False
New Garden City,1,1,0,0,0,0,1,0,0,1,0,0,1,0,0,0,0,0,0,1,0,0,0,0,0,0,0,0,4.948759890378168,15.65494846250907,10.706188572718856,False,False,False
T- Residences,1,1,0,0,0,0,1,0,0,0,0,0,0,1,0,1,0,0,0,0,0,1,0,0,0,0,0,0,4.787491742782046,14.815629071227749,10.028137326974358,False,False,False
Jade Park,1,0,1,1,0,0,1,0,1,0,0,0,0,1,0,0,1,0,0,1,0,0,0,0,0,0,0,0,5.44673737166631,15.941239133595424,10.494501761642685,False,False,False
New Garden City,1,1,0,0,0,0,1,0,0,1,0,0,1,0,0,0,0,0,0,1,0,0,0,0,0,0,0,0,5.220355825078324,15.892699564590815,10.672343738447596,False,False,False
Al Fustat,1,1,0,1,0,0,1,1,1,0,1,0,0,0,0,0,0,0,0,0,0,0,1,0,0,0,0,0,5.112951179567857,15.285686403064869,10.172735221920918,False,False,False
New Garden City,1,1,0,0,0,1,0,0,0,1,0,0,0,1,0,0,0,0,0,1,0,0,0,0,0,0,0,0,5.662960480135946,16.265308030638707,10.602347551331349,False,False,False
Zahya,1,1,0,1,0,0,0,0,1,0,0,0,0,1,0,0,0,0,1,0,0,0,0,0,1,0,0,0,6.210600077024653,16.45084668677768,10.240246608734958,False,False,False
Downtown commercial,1,1,0,0,1,0,0,0,0,0,0,0,0,0,0,0,0,0,0,0,0,0,0,1,0,0,0,1,5.365976015021851,16.94419905876689,11.578223044200302,False,False,False
New Garden City,1,1,0,0,0,0,0,0,0,1,0,0,0,0,1,0,0,0,0,1,0,0,0,0,0,0,0,0,5.703782474656201,16.362844126024914,10.659061652151614,False,False,False
Alamain (Latin District),1,1,0,0,1,0,1,1,1,0,0,1,0,0,0,0,0,0,0,0,0,1,0,0,0,0,0,0,4.531092982591776,15.492420185513389,10.961327203104824,False,False,False
New Garden City,1,1,0,0,0,0,1,0,0,1,0,0,1,0,0,0,0,0,0,1,0,0,0,0,0,0,0,0,5.214935757608986,15.842342149371811,10.627406391762827,False,False,False
T-Residences,1,1,0,0,1,0,1,1,1,0,0,0,0,1,0,1,0,0,0,0,0,1,0,0,0,0,0,0,4.867534450455582,14.87697949427028,10.009445043468752,False,False,False
Zahya,1,1,0,1,0,0,0,0,1,0,0,0,0,1,0,0,0,0,1,0,0,0,0,0,1,0,0,0,5.971261839790462,16.013290536592194,10.042028697867805,False,False,False
Zahya,1,1,0,1,0,0,0,0,1,0,0,0,0,1,0,0,0,0,1,0,0,0,0,0,1,0,0,0,6.210600077024653,16.26366677427754,10.053066695938805,False,False,False
Alamain (Latin District),1,1,0,0,1,0,1,1,1,0,0,0,0,0,1,0,0,0,0,0,0,1,0,0,0,0,0,0,5.369241704884735,15.751658929817632,10.382417225856154,False,False,False
Alamain (Latin District),1,1,1,0,0,0,0,0,0,0,0,0,0,1,0,0,0,1,0,0,0,1,0,0,0,0,0,0,5.345105528046796,16.2369447847967,10.891839256459548,False,False,False
AXLE,0,1,1,0,1,0,0,0,1,0,0,0,0,0,0,0,0,0,0,0,1,0,0,1,0,0,0,1,4.605170185988092,17.317080043822838,12.711909857834748,True,False,False
Alamain (Latin District),1,1,0,0,1,0,1,0,0,1,1,1,0,0,0,0,0,0,0,0,0,1,0,0,0,0,0,0,4.811371016571989,15.343087443918057,10.531716427849648,False,False,False
Al Fustat,1,1,0,1,0,0,0,1,1,0,1,0,0,0,0,0,0,0,0,0,0,0,1,0,0,0,0,0,4.989479752023464,15.235481445443549,10.246001692898934,False,False,False
BEGONIA,0,1,0,0,1,1,0,1,0,1,0,0,0,0,0,0,0,0,0,0,1,0,0,0,0,0,0,0,3.1135153092103742,14.315679601541737,11.20216429248297,False,True,True
Alamain (Latin District),1,1,0,0,1,0,1,1,1,0,0,0,1,0,0,0,0,0,0,0,0,1,0,0,0,0,0,0,4.903198550494016,15.7951317643619,10.89193321318722,False,False,False
Zahya,1,1,0,1,0,0,0,0,1,0,0,0,1,0,0,0,0,1,1,0,0,0,0,0,0,0,1,0,6.414933279655721,16.693022200130834,10.278088921175732,False,True,False
Zahya,1,1,0,1,0,0,0,0,1,0,0,0,0,1,0,0,0,0,1,0,0,0,0,0,1,0,0,0,6.016157159698354,16.16230390562264,10.146146744871857,False,False,False
BEGONIA,0,1,0,0,1,1,0,1,0,1,0,0,0,0,0,0,0,0,0,0,1,0,0,0,0,0,0,0,2.70805020110221,14.004476657476898,11.29642645596078,False,True,True
Zahya,1,1,0,1,0,0,0,0,1,0,0,0,0,1,0,0,0,0,1,0,0,0,0,0,1,0,0,0,5.971261839790462,16.048745572823528,10.077483732690084,False,False,False
AlMaqsad Residences,1,1,0,0,1,0,1,1,0,1,0,0,0,1,0,0,0,1,0,1,0,0,0,0,0,0,0,0,4.897839799950911,15.33546130389684,10.437621504383372,False,False,False
T- Residences,1,1,0,0,0,0,1,0,0,0,0,0,0,1,0,1,0,0,0,0,0,1,0,0,0,0,0,0,4.867534450455582,14.796936757767806,9.929402305813118,False,False,False
Alamain (Latin District),1,1,0,0,1,0,1,1,1,0,0,0,1,0,0,0,0,0,0,0,0,1,0,0,0,0,0,0,4.835567366013609,15.73125600697332,10.895688640436743,False,False,False
Alamain (Latin District),1,1,0,0,1,0,0,0,0,1,1,0,0,1,0,0,0,0,0,0,0,1,0,0,0,0,0,0,5.178801580546473,15.552109616015054,10.37330803688686,False,False,False
Jade Park,1,0,1,1,0,0,1,0,1,0,0,0,0,0,1,0,1,0,0,1,0,0,0,0,0,0,0,0,6.539585955617669,17.04599869816064,10.506412741230305,False,True,False
Mamsha Avenue,1,1,0,0,1,0,1,0,1,1,0,0,0,1,0,0,0,0,0,1,0,0,0,0,0,0,0,0,5.14166355650266,15.629846581371234,10.488183025178172,False,False,False
Alamain (Latin District),1,1,0,0,1,0,1,1,1,0,0,0,0,1,0,0,0,0,0,0,0,1,0,0,0,0,0,0,5.335516807537143,15.59604054524078,10.260523737219565,False,False,False
PODIA,0,1,1,0,1,0,1,0,0,1,0,0,0,0,0,0,0,0,0,0,0,0,0,1,0,0,1,0,3.737669618283368,15.510391952215842,11.772722334189544,False,True,False
